[error] Failed to fetch Firebase Project from Studio Workspace because WORKSPACE_SLUG environment variable is empty
[error] Failed to fetch Firebase Project from Studio Workspace because WORKSPACE_SLUG environment variable is empty
[error] Failed to fetch Firebase Project from Studio Workspace because WORKSPACE_SLUG environment variable is empty
[error] Failed to fetch Firebase Project from Studio Workspace because WORKSPACE_SLUG environment variable is empty
[debug] [2026-01-22T22:12:31.513Z] > command requires scopes: ["email","openid","https://www.googleapis.com/auth/cloudplatformprojects.readonly","https://www.googleapis.com/auth/firebase","https://www.googleapis.com/auth/cloud-platform","https://www.googleapis.com/auth/userinfo.email"]
[debug] [2026-01-22T22:12:31.516Z] > command requires scopes: ["email","openid","https://www.googleapis.com/auth/cloudplatformprojects.readonly","https://www.googleapis.com/auth/firebase","https://www.googleapis.com/auth/cloud-platform","https://www.googleapis.com/auth/userinfo.email"]
[error] Failed to fetch Firebase Project from Studio Workspace because WORKSPACE_SLUG environment variable is empty
[error] Failed to fetch Firebase Project from Studio Workspace because WORKSPACE_SLUG environment variable is empty
[error] Failed to fetch Firebase Project from Studio Workspace because WORKSPACE_SLUG environment variable is empty
[debug] [2026-01-22T22:12:47.306Z] > command requires scopes: ["email","openid","https://www.googleapis.com/auth/cloudplatformprojects.readonly","https://www.googleapis.com/auth/firebase","https://www.googleapis.com/auth/cloud-platform","https://www.googleapis.com/auth/userinfo.email"]
[error] Failed to fetch Firebase Project from Studio Workspace because WORKSPACE_SLUG environment variable is empty
[debug] [2026-01-22T22:12:49.609Z] > command requires scopes: ["email","openid","https://www.googleapis.com/auth/cloudplatformprojects.readonly","https://www.googleapis.com/auth/firebase","https://www.googleapis.com/auth/cloud-platform","https://www.googleapis.com/auth/userinfo.email"]
[error] Failed to fetch Firebase Project from Studio Workspace because WORKSPACE_SLUG environment variable is empty
[error] Failed to fetch Firebase Project from Studio Workspace because WORKSPACE_SLUG environment variable is empty
[error] Failed to fetch Firebase Project from Studio Workspace because WORKSPACE_SLUG environment variable is empty
[debug] [2026-01-22T22:12:49.803Z] > command requires scopes: ["email","openid","https://www.googleapis.com/auth/cloudplatformprojects.readonly","https://www.googleapis.com/auth/firebase","https://www.googleapis.com/auth/cloud-platform","https://www.googleapis.com/auth/userinfo.email"]
[error] Failed to fetch Firebase Project from Studio Workspace because WORKSPACE_SLUG environment variable is empty
[error] Failed to fetch Firebase Project from Studio Workspace because WORKSPACE_SLUG environment variable is empty
[error] Failed to fetch Firebase Project from Studio Workspace because WORKSPACE_SLUG environment variable is empty
[debug] [2026-01-22T22:12:49.849Z] > command requires scopes: ["email","openid","https://www.googleapis.com/auth/cloudplatformprojects.readonly","https://www.googleapis.com/auth/firebase","https://www.googleapis.com/auth/cloud-platform","https://www.googleapis.com/auth/userinfo.email"]
[error] Failed to fetch Firebase Project from Studio Workspace because WORKSPACE_SLUG environment variable is empty
[error] Failed to fetch Firebase Project from Studio Workspace because WORKSPACE_SLUG environment variable is empty
[debug] [2026-01-22T22:12:52.032Z] > command requires scopes: ["email","openid","https://www.googleapis.com/auth/cloudplatformprojects.readonly","https://www.googleapis.com/auth/firebase","https://www.googleapis.com/auth/cloud-platform","https://www.googleapis.com/auth/userinfo.email"]
[debug] [2026-01-22T22:12:52.032Z] > command requires scopes: ["email","openid","https://www.googleapis.com/auth/cloudplatformprojects.readonly","https://www.googleapis.com/auth/firebase","https://www.googleapis.com/auth/cloud-platform","https://www.googleapis.com/auth/userinfo.email"]
[error] Failed to fetch Firebase Project from Studio Workspace because WORKSPACE_SLUG environment variable is empty
[error] Failed to fetch Firebase Project from Studio Workspace because WORKSPACE_SLUG environment variable is empty
[error] Failed to fetch Firebase Project from Studio Workspace because WORKSPACE_SLUG environment variable is empty
[error] Failed to fetch Firebase Project from Studio Workspace because WORKSPACE_SLUG environment variable is empty
[debug] [2026-01-22T22:13:20.464Z] > command requires scopes: ["email","openid","https://www.googleapis.com/auth/cloudplatformprojects.readonly","https://www.googleapis.com/auth/firebase","https://www.googleapis.com/auth/cloud-platform","https://www.googleapis.com/auth/userinfo.email"]
[debug] [2026-01-22T22:13:20.466Z] > command requires scopes: ["email","openid","https://www.googleapis.com/auth/cloudplatformprojects.readonly","https://www.googleapis.com/auth/firebase","https://www.googleapis.com/auth/cloud-platform","https://www.googleapis.com/auth/userinfo.email"]
[error] Failed to fetch Firebase Project from Studio Workspace because WORKSPACE_SLUG environment variable is empty
[error] Failed to fetch Firebase Project from Studio Workspace because WORKSPACE_SLUG environment variable is empty
[error] Failed to fetch Firebase Project from Studio Workspace because WORKSPACE_SLUG environment variable is empty
[debug] [2026-01-22T22:13:32.276Z] > command requires scopes: ["email","openid","https://www.googleapis.com/auth/cloudplatformprojects.readonly","https://www.googleapis.com/auth/firebase","https://www.googleapis.com/auth/cloud-platform","https://www.googleapis.com/auth/userinfo.email"]
[error] Failed to fetch Firebase Project from Studio Workspace because WORKSPACE_SLUG environment variable is empty
[debug] [2026-01-22T22:13:34.422Z] > command requires scopes: ["email","openid","https://www.googleapis.com/auth/cloudplatformprojects.readonly","https://www.googleapis.com/auth/firebase","https://www.googleapis.com/auth/cloud-platform","https://www.googleapis.com/auth/userinfo.email"]
[error] Failed to fetch Firebase Project from Studio Workspace because WORKSPACE_SLUG environment variable is empty
[error] Failed to fetch Firebase Project from Studio Workspace because WORKSPACE_SLUG environment variable is empty
[error] Failed to fetch Firebase Project from Studio Workspace because WORKSPACE_SLUG environment variable is empty
[debug] [2026-01-22T22:13:34.467Z] > command requires scopes: ["email","openid","https://www.googleapis.com/auth/cloudplatformprojects.readonly","https://www.googleapis.com/auth/firebase","https://www.googleapis.com/auth/cloud-platform","https://www.googleapis.com/auth/userinfo.email"]
[error] Failed to fetch Firebase Project from Studio Workspace because WORKSPACE_SLUG environment variable is empty
[error] Failed to fetch Firebase Project from Studio Workspace because WORKSPACE_SLUG environment variable is empty
[error] Failed to fetch Firebase Project from Studio Workspace because WORKSPACE_SLUG environment variable is empty
[debug] [2026-01-22T22:13:34.485Z] > command requires scopes: ["email","openid","https://www.googleapis.com/auth/cloudplatformprojects.readonly","https://www.googleapis.com/auth/firebase","https://www.googleapis.com/auth/cloud-platform","https://www.googleapis.com/auth/userinfo.email"]
[error] Failed to fetch Firebase Project from Studio Workspace because WORKSPACE_SLUG environment variable is empty
[error] Failed to fetch Firebase Project from Studio Workspace because WORKSPACE_SLUG environment variable is empty
[debug] [2026-01-22T22:13:36.625Z] > command requires scopes: ["email","openid","https://www.googleapis.com/auth/cloudplatformprojects.readonly","https://www.googleapis.com/auth/firebase","https://www.googleapis.com/auth/cloud-platform","https://www.googleapis.com/auth/userinfo.email"]
[debug] [2026-01-22T22:13:36.625Z] > command requires scopes: ["email","openid","https://www.googleapis.com/auth/cloudplatformprojects.readonly","https://www.googleapis.com/auth/firebase","https://www.googleapis.com/auth/cloud-platform","https://www.googleapis.com/auth/userinfo.email"]
[error] Failed to fetch Firebase Project from Studio Workspace because WORKSPACE_SLUG environment variable is empty
[error] Failed to fetch Firebase Project from Studio Workspace because WORKSPACE_SLUG environment variable is empty
[error] Failed to fetch Firebase Project from Studio Workspace because WORKSPACE_SLUG environment variable is empty
[error] Failed to fetch Firebase Project from Studio Workspace because WORKSPACE_SLUG environment variable is empty
[error] Failed to fetch Firebase Project from Studio Workspace because WORKSPACE_SLUG environment variable is empty
[error] Failed to fetch Firebase Project from Studio Workspace because WORKSPACE_SLUG environment variable is empty
[debug] [2026-01-22T22:13:47.149Z] > command requires scopes: ["email","openid","https://www.googleapis.com/auth/cloudplatformprojects.readonly","https://www.googleapis.com/auth/firebase","https://www.googleapis.com/auth/cloud-platform","https://www.googleapis.com/auth/userinfo.email"]
[debug] [2026-01-22T22:13:47.150Z] > command requires scopes: ["email","openid","https://www.googleapis.com/auth/cloudplatformprojects.readonly","https://www.googleapis.com/auth/firebase","https://www.googleapis.com/auth/cloud-platform","https://www.googleapis.com/auth/userinfo.email"]
[debug] [2026-01-22T22:14:59.120Z] Running auto auth
[debug] [2026-01-22T22:14:59.121Z] Running auto auth
[error] Failed to fetch Firebase Project from Studio Workspace because WORKSPACE_SLUG environment variable is empty
[debug] [2026-01-22T22:14:59.165Z] > command requires scopes: ["email","openid","https://www.googleapis.com/auth/cloudplatformprojects.readonly","https://www.googleapis.com/auth/firebase","https://www.googleapis.com/auth/cloud-platform","https://www.googleapis.com/auth/userinfo.email"]
[debug] [2026-01-22T22:14:59.166Z] > authorizing via signed-in user (marsaru22@gmail.com)
[error] Failed to fetch Firebase Project from Studio Workspace because WORKSPACE_SLUG environment variable is empty
[debug] [2026-01-22T22:14:59.189Z] > command requires scopes: ["email","openid","https://www.googleapis.com/auth/cloudplatformprojects.readonly","https://www.googleapis.com/auth/firebase","https://www.googleapis.com/auth/cloud-platform","https://www.googleapis.com/auth/userinfo.email"]
[debug] [2026-01-22T22:14:59.189Z] > authorizing via signed-in user (marsaru22@gmail.com)
[error] Failed to fetch Firebase Project from Studio Workspace because WORKSPACE_SLUG environment variable is empty
[error] Failed to fetch Firebase Project from Studio Workspace because WORKSPACE_SLUG environment variable is empty
[error] Failed to fetch Firebase Project from Studio Workspace because WORKSPACE_SLUG environment variable is empty
[error] Failed to fetch Firebase Project from Studio Workspace because WORKSPACE_SLUG environment variable is empty
[debug] [2026-01-22T22:16:42.206Z] > command requires scopes: ["email","openid","https://www.googleapis.com/auth/cloudplatformprojects.readonly","https://www.googleapis.com/auth/firebase","https://www.googleapis.com/auth/cloud-platform","https://www.googleapis.com/auth/userinfo.email"]
[debug] [2026-01-22T22:16:42.207Z] > authorizing via signed-in user (marsaru22@gmail.com)
[debug] [2026-01-22T22:16:42.235Z] > command requires scopes: ["email","openid","https://www.googleapis.com/auth/cloudplatformprojects.readonly","https://www.googleapis.com/auth/firebase","https://www.googleapis.com/auth/cloud-platform","https://www.googleapis.com/auth/userinfo.email"]
[debug] [2026-01-22T22:16:42.235Z] > authorizing via signed-in user (marsaru22@gmail.com)
[error] Failed to fetch Firebase Project from Studio Workspace because WORKSPACE_SLUG environment variable is empty
[error] Failed to fetch Firebase Project from Studio Workspace because WORKSPACE_SLUG environment variable is empty
[error] Failed to fetch Firebase Project from Studio Workspace because WORKSPACE_SLUG environment variable is empty
[debug] [2026-01-22T22:16:42.394Z] > command requires scopes: ["email","openid","https://www.googleapis.com/auth/cloudplatformprojects.readonly","https://www.googleapis.com/auth/firebase","https://www.googleapis.com/auth/cloud-platform","https://www.googleapis.com/auth/userinfo.email"]
[debug] [2026-01-22T22:16:42.395Z] > authorizing via signed-in user (marsaru22@gmail.com)
[error] Failed to fetch Firebase Project from Studio Workspace because WORKSPACE_SLUG environment variable is empty
[debug] [2026-01-22T22:16:42.397Z] > command requires scopes: ["email","openid","https://www.googleapis.com/auth/cloudplatformprojects.readonly","https://www.googleapis.com/auth/firebase","https://www.googleapis.com/auth/cloud-platform","https://www.googleapis.com/auth/userinfo.email"]
[debug] [2026-01-22T22:16:42.398Z] > authorizing via signed-in user (marsaru22@gmail.com)
[error] Failed to fetch Firebase Project from Studio Workspace because WORKSPACE_SLUG environment variable is empty
[error] Failed to fetch Firebase Project from Studio Workspace because WORKSPACE_SLUG environment variable is empty
[error] Failed to fetch Firebase Project from Studio Workspace because WORKSPACE_SLUG environment variable is empty
[debug] [2026-01-22T22:16:42.439Z] > command requires scopes: ["email","openid","https://www.googleapis.com/auth/cloudplatformprojects.readonly","https://www.googleapis.com/auth/firebase","https://www.googleapis.com/auth/cloud-platform","https://www.googleapis.com/auth/userinfo.email"]
[debug] [2026-01-22T22:16:42.439Z] > authorizing via signed-in user (marsaru22@gmail.com)
[error] Failed to fetch Firebase Project from Studio Workspace because WORKSPACE_SLUG environment variable is empty
[debug] [2026-01-22T22:16:42.443Z] > command requires scopes: ["email","openid","https://www.googleapis.com/auth/cloudplatformprojects.readonly","https://www.googleapis.com/auth/firebase","https://www.googleapis.com/auth/cloud-platform","https://www.googleapis.com/auth/userinfo.email"]
[debug] [2026-01-22T22:16:42.443Z] > authorizing via signed-in user (marsaru22@gmail.com)
[error] Failed to fetch Firebase Project from Studio Workspace because WORKSPACE_SLUG environment variable is empty
[error] Failed to fetch Firebase Project from Studio Workspace because WORKSPACE_SLUG environment variable is empty
[error] Failed to fetch Firebase Project from Studio Workspace because WORKSPACE_SLUG environment variable is empty
[debug] [2026-01-22T22:16:42.464Z] > command requires scopes: ["email","openid","https://www.googleapis.com/auth/cloudplatformprojects.readonly","https://www.googleapis.com/auth/firebase","https://www.googleapis.com/auth/cloud-platform","https://www.googleapis.com/auth/userinfo.email"]
[debug] [2026-01-22T22:16:42.464Z] > authorizing via signed-in user (marsaru22@gmail.com)
[error] Failed to fetch Firebase Project from Studio Workspace because WORKSPACE_SLUG environment variable is empty
[debug] [2026-01-22T22:16:42.466Z] > command requires scopes: ["email","openid","https://www.googleapis.com/auth/cloudplatformprojects.readonly","https://www.googleapis.com/auth/firebase","https://www.googleapis.com/auth/cloud-platform","https://www.googleapis.com/auth/userinfo.email"]
[debug] [2026-01-22T22:16:42.466Z] > authorizing via signed-in user (marsaru22@gmail.com)
[error] Failed to fetch Firebase Project from Studio Workspace because WORKSPACE_SLUG environment variable is empty
[error] Failed to fetch Firebase Project from Studio Workspace because WORKSPACE_SLUG environment variable is empty
[error] Failed to fetch Firebase Project from Studio Workspace because WORKSPACE_SLUG environment variable is empty
[error] Failed to fetch Firebase Project from Studio Workspace because WORKSPACE_SLUG environment variable is empty
[error] Failed to fetch Firebase Project from Studio Workspace because WORKSPACE_SLUG environment variable is empty
[error] Failed to fetch Firebase Project from Studio Workspace because WORKSPACE_SLUG environment variable is empty
[debug] [2026-01-22T22:16:56.571Z] > command requires scopes: ["email","openid","https://www.googleapis.com/auth/cloudplatformprojects.readonly","https://www.googleapis.com/auth/firebase","https://www.googleapis.com/auth/cloud-platform","https://www.googleapis.com/auth/userinfo.email"]
[debug] [2026-01-22T22:16:56.572Z] > authorizing via signed-in user (marsaru22@gmail.com)
[debug] [2026-01-22T22:16:56.572Z] > command requires scopes: ["email","openid","https://www.googleapis.com/auth/cloudplatformprojects.readonly","https://www.googleapis.com/auth/firebase","https://www.googleapis.com/auth/cloud-platform","https://www.googleapis.com/auth/userinfo.email"]
[debug] [2026-01-22T22:16:56.572Z] > authorizing via signed-in user (marsaru22@gmail.com)
[error] Failed to fetch Firebase Project from Studio Workspace because WORKSPACE_SLUG environment variable is empty
[error] Failed to fetch Firebase Project from Studio Workspace because WORKSPACE_SLUG environment variable is empty
[debug] [2026-01-22T22:16:56.575Z] > command requires scopes: ["email","openid","https://www.googleapis.com/auth/cloudplatformprojects.readonly","https://www.googleapis.com/auth/firebase","https://www.googleapis.com/auth/cloud-platform","https://www.googleapis.com/auth/userinfo.email"]
[debug] [2026-01-22T22:16:56.575Z] > authorizing via signed-in user (marsaru22@gmail.com)
[debug] [2026-01-22T22:16:56.575Z] > command requires scopes: ["email","openid","https://www.googleapis.com/auth/cloudplatformprojects.readonly","https://www.googleapis.com/auth/firebase","https://www.googleapis.com/auth/cloud-platform","https://www.googleapis.com/auth/userinfo.email"]
[debug] [2026-01-22T22:16:56.575Z] > authorizing via signed-in user (marsaru22@gmail.com)
[error] Failed to fetch Firebase Project from Studio Workspace because WORKSPACE_SLUG environment variable is empty
[error] Failed to fetch Firebase Project from Studio Workspace because WORKSPACE_SLUG environment variable is empty
[error] Failed to fetch Firebase Project from Studio Workspace because WORKSPACE_SLUG environment variable is empty
[error] Failed to fetch Firebase Project from Studio Workspace because WORKSPACE_SLUG environment variable is empty
[debug] [2026-01-22T22:47:18.140Z] > command requires scopes: ["email","openid","https://www.googleapis.com/auth/cloudplatformprojects.readonly","https://www.googleapis.com/auth/firebase","https://www.googleapis.com/auth/cloud-platform","https://www.googleapis.com/auth/userinfo.email"]
[debug] [2026-01-22T22:47:18.142Z] > authorizing via signed-in user (marsaru22@gmail.com)
[debug] [2026-01-22T22:47:18.186Z] > command requires scopes: ["email","openid","https://www.googleapis.com/auth/cloudplatformprojects.readonly","https://www.googleapis.com/auth/firebase","https://www.googleapis.com/auth/cloud-platform","https://www.googleapis.com/auth/userinfo.email"]
[debug] [2026-01-22T22:47:18.187Z] > authorizing via signed-in user (marsaru22@gmail.com)
[error] Failed to fetch Firebase Project from Studio Workspace because WORKSPACE_SLUG environment variable is empty
[error] Failed to fetch Firebase Project from Studio Workspace because WORKSPACE_SLUG environment variable is empty
[error] Failed to fetch Firebase Project from Studio Workspace because WORKSPACE_SLUG environment variable is empty
[debug] [2026-01-22T22:47:18.318Z] > command requires scopes: ["email","openid","https://www.googleapis.com/auth/cloudplatformprojects.readonly","https://www.googleapis.com/auth/firebase","https://www.googleapis.com/auth/cloud-platform","https://www.googleapis.com/auth/userinfo.email"]
[debug] [2026-01-22T22:47:18.319Z] > authorizing via signed-in user (marsaru22@gmail.com)
[error] Failed to fetch Firebase Project from Studio Workspace because WORKSPACE_SLUG environment variable is empty
[debug] [2026-01-22T22:47:18.326Z] > command requires scopes: ["email","openid","https://www.googleapis.com/auth/cloudplatformprojects.readonly","https://www.googleapis.com/auth/firebase","https://www.googleapis.com/auth/cloud-platform","https://www.googleapis.com/auth/userinfo.email"]
[debug] [2026-01-22T22:47:18.326Z] > authorizing via signed-in user (marsaru22@gmail.com)
[error] Failed to fetch Firebase Project from Studio Workspace because WORKSPACE_SLUG environment variable is empty
[error] Failed to fetch Firebase Project from Studio Workspace because WORKSPACE_SLUG environment variable is empty
[error] Failed to fetch Firebase Project from Studio Workspace because WORKSPACE_SLUG environment variable is empty
[debug] [2026-01-22T22:47:18.382Z] > command requires scopes: ["email","openid","https://www.googleapis.com/auth/cloudplatformprojects.readonly","https://www.googleapis.com/auth/firebase","https://www.googleapis.com/auth/cloud-platform","https://www.googleapis.com/auth/userinfo.email"]
[debug] [2026-01-22T22:47:18.384Z] > authorizing via signed-in user (marsaru22@gmail.com)
[error] Failed to fetch Firebase Project from Studio Workspace because WORKSPACE_SLUG environment variable is empty
[debug] [2026-01-22T22:47:18.388Z] > command requires scopes: ["email","openid","https://www.googleapis.com/auth/cloudplatformprojects.readonly","https://www.googleapis.com/auth/firebase","https://www.googleapis.com/auth/cloud-platform","https://www.googleapis.com/auth/userinfo.email"]
[debug] [2026-01-22T22:47:18.388Z] > authorizing via signed-in user (marsaru22@gmail.com)
[error] Failed to fetch Firebase Project from Studio Workspace because WORKSPACE_SLUG environment variable is empty
[error] Failed to fetch Firebase Project from Studio Workspace because WORKSPACE_SLUG environment variable is empty
[error] Failed to fetch Firebase Project from Studio Workspace because WORKSPACE_SLUG environment variable is empty
[debug] [2026-01-22T22:47:18.405Z] > command requires scopes: ["email","openid","https://www.googleapis.com/auth/cloudplatformprojects.readonly","https://www.googleapis.com/auth/firebase","https://www.googleapis.com/auth/cloud-platform","https://www.googleapis.com/auth/userinfo.email"]
[debug] [2026-01-22T22:47:18.405Z] > authorizing via signed-in user (marsaru22@gmail.com)
[error] Failed to fetch Firebase Project from Studio Workspace because WORKSPACE_SLUG environment variable is empty
[debug] [2026-01-22T22:47:18.407Z] > command requires scopes: ["email","openid","https://www.googleapis.com/auth/cloudplatformprojects.readonly","https://www.googleapis.com/auth/firebase","https://www.googleapis.com/auth/cloud-platform","https://www.googleapis.com/auth/userinfo.email"]
[debug] [2026-01-22T22:47:18.407Z] > authorizing via signed-in user (marsaru22@gmail.com)
[error] Failed to fetch Firebase Project from Studio Workspace because WORKSPACE_SLUG environment variable is empty
[error] Failed to fetch Firebase Project from Studio Workspace because WORKSPACE_SLUG environment variable is empty
[error] Failed to fetch Firebase Project from Studio Workspace because WORKSPACE_SLUG environment variable is empty
[debug] [2026-01-22T22:47:47.923Z] > command requires scopes: ["email","openid","https://www.googleapis.com/auth/cloudplatformprojects.readonly","https://www.googleapis.com/auth/firebase","https://www.googleapis.com/auth/cloud-platform","https://www.googleapis.com/auth/userinfo.email"]
[debug] [2026-01-22T22:47:47.930Z] > authorizing via signed-in user (marsaru22@gmail.com)
[error] Failed to fetch Firebase Project from Studio Workspace because WORKSPACE_SLUG environment variable is empty
[debug] [2026-01-22T22:47:47.932Z] > command requires scopes: ["email","openid","https://www.googleapis.com/auth/cloudplatformprojects.readonly","https://www.googleapis.com/auth/firebase","https://www.googleapis.com/auth/cloud-platform","https://www.googleapis.com/auth/userinfo.email"]
[debug] [2026-01-22T22:47:47.932Z] > authorizing via signed-in user (marsaru22@gmail.com)
[error] Failed to fetch Firebase Project from Studio Workspace because WORKSPACE_SLUG environment variable is empty
[error] Failed to fetch Firebase Project from Studio Workspace because WORKSPACE_SLUG environment variable is empty
[error] Failed to fetch Firebase Project from Studio Workspace because WORKSPACE_SLUG environment variable is empty
[debug] [2026-01-22T22:47:47.939Z] > command requires scopes: ["email","openid","https://www.googleapis.com/auth/cloudplatformprojects.readonly","https://www.googleapis.com/auth/firebase","https://www.googleapis.com/auth/cloud-platform","https://www.googleapis.com/auth/userinfo.email"]
[debug] [2026-01-22T22:47:47.939Z] > authorizing via signed-in user (marsaru22@gmail.com)
[error] Failed to fetch Firebase Project from Studio Workspace because WORKSPACE_SLUG environment variable is empty
[debug] [2026-01-22T22:47:47.940Z] > command requires scopes: ["email","openid","https://www.googleapis.com/auth/cloudplatformprojects.readonly","https://www.googleapis.com/auth/firebase","https://www.googleapis.com/auth/cloud-platform","https://www.googleapis.com/auth/userinfo.email"]
[debug] [2026-01-22T22:47:47.941Z] > authorizing via signed-in user (marsaru22@gmail.com)
[error] Failed to fetch Firebase Project from Studio Workspace because WORKSPACE_SLUG environment variable is empty
[error] Failed to fetch Firebase Project from Studio Workspace because WORKSPACE_SLUG environment variable is empty
[error] Failed to fetch Firebase Project from Studio Workspace because WORKSPACE_SLUG environment variable is empty
[error] Failed to fetch Firebase Project from Studio Workspace because WORKSPACE_SLUG environment variable is empty
[debug] [2026-01-22T23:25:59.866Z] > command requires scopes: ["email","openid","https://www.googleapis.com/auth/cloudplatformprojects.readonly","https://www.googleapis.com/auth/firebase","https://www.googleapis.com/auth/cloud-platform","https://www.googleapis.com/auth/userinfo.email"]
[debug] [2026-01-22T23:25:59.890Z] > command requires scopes: ["email","openid","https://www.googleapis.com/auth/cloudplatformprojects.readonly","https://www.googleapis.com/auth/firebase","https://www.googleapis.com/auth/cloud-platform","https://www.googleapis.com/auth/userinfo.email"]
[debug] [2026-01-22T23:26:29.059Z] Running auto auth
[debug] [2026-01-22T23:26:29.060Z] Running auto auth
[error] Failed to fetch Firebase Project from Studio Workspace because WORKSPACE_SLUG environment variable is empty
[error] Failed to fetch Firebase Project from Studio Workspace because WORKSPACE_SLUG environment variable is empty
[error] Failed to fetch Firebase Project from Studio Workspace because WORKSPACE_SLUG environment variable is empty
[debug] [2026-01-22T23:26:29.284Z] > command requires scopes: ["email","openid","https://www.googleapis.com/auth/cloudplatformprojects.readonly","https://www.googleapis.com/auth/firebase","https://www.googleapis.com/auth/cloud-platform","https://www.googleapis.com/auth/userinfo.email"]
[debug] [2026-01-22T23:26:29.284Z] > authorizing via signed-in user (marsaru22@gmail.com)
[error] Failed to fetch Firebase Project from Studio Workspace because WORKSPACE_SLUG environment variable is empty
[debug] [2026-01-22T23:26:29.288Z] > command requires scopes: ["email","openid","https://www.googleapis.com/auth/cloudplatformprojects.readonly","https://www.googleapis.com/auth/firebase","https://www.googleapis.com/auth/cloud-platform","https://www.googleapis.com/auth/userinfo.email"]
[debug] [2026-01-22T23:26:29.288Z] > authorizing via signed-in user (marsaru22@gmail.com)
[error] Failed to fetch Firebase Project from Studio Workspace because WORKSPACE_SLUG environment variable is empty
[error] Failed to fetch Firebase Project from Studio Workspace because WORKSPACE_SLUG environment variable is empty
[error] Failed to fetch Firebase Project from Studio Workspace because WORKSPACE_SLUG environment variable is empty
[error] Failed to fetch Firebase Project from Studio Workspace because WORKSPACE_SLUG environment variable is empty
[error] Failed to fetch Firebase Project from Studio Workspace because WORKSPACE_SLUG environment variable is empty
[error] Failed to fetch Firebase Project from Studio Workspace because WORKSPACE_SLUG environment variable is empty
[debug] [2026-01-22T23:26:29.319Z] > command requires scopes: ["email","openid","https://www.googleapis.com/auth/cloudplatformprojects.readonly","https://www.googleapis.com/auth/firebase","https://www.googleapis.com/auth/cloud-platform","https://www.googleapis.com/auth/userinfo.email"]
[debug] [2026-01-22T23:26:29.322Z] > authorizing via signed-in user (marsaru22@gmail.com)
[debug] [2026-01-22T23:26:29.322Z] > command requires scopes: ["email","openid","https://www.googleapis.com/auth/cloudplatformprojects.readonly","https://www.googleapis.com/auth/firebase","https://www.googleapis.com/auth/cloud-platform","https://www.googleapis.com/auth/userinfo.email"]
[debug] [2026-01-22T23:26:29.322Z] > authorizing via signed-in user (marsaru22@gmail.com)
[error] Failed to fetch Firebase Project from Studio Workspace because WORKSPACE_SLUG environment variable is empty
[error] Failed to fetch Firebase Project from Studio Workspace because WORKSPACE_SLUG environment variable is empty
[debug] [2026-01-22T23:26:29.328Z] > command requires scopes: ["email","openid","https://www.googleapis.com/auth/cloudplatformprojects.readonly","https://www.googleapis.com/auth/firebase","https://www.googleapis.com/auth/cloud-platform","https://www.googleapis.com/auth/userinfo.email"]
[debug] [2026-01-22T23:26:29.328Z] > authorizing via signed-in user (marsaru22@gmail.com)
[debug] [2026-01-22T23:26:29.328Z] > command requires scopes: ["email","openid","https://www.googleapis.com/auth/cloudplatformprojects.readonly","https://www.googleapis.com/auth/firebase","https://www.googleapis.com/auth/cloud-platform","https://www.googleapis.com/auth/userinfo.email"]
[debug] [2026-01-22T23:26:29.328Z] > authorizing via signed-in user (marsaru22@gmail.com)
[error] Failed to fetch Firebase Project from Studio Workspace because WORKSPACE_SLUG environment variable is empty
[error] Failed to fetch Firebase Project from Studio Workspace because WORKSPACE_SLUG environment variable is empty
[error] Failed to fetch Firebase Project from Studio Workspace because WORKSPACE_SLUG environment variable is empty
[error] Failed to fetch Firebase Project from Studio Workspace because WORKSPACE_SLUG environment variable is empty
[debug] [2026-01-22T23:35:11.685Z] > command requires scopes: ["email","openid","https://www.googleapis.com/auth/cloudplatformprojects.readonly","https://www.googleapis.com/auth/firebase","https://www.googleapis.com/auth/cloud-platform","https://www.googleapis.com/auth/userinfo.email"]
[debug] [2026-01-22T23:35:11.695Z] > authorizing via signed-in user (marsaru22@gmail.com)
[debug] [2026-01-22T23:35:11.760Z] > command requires scopes: ["email","openid","https://www.googleapis.com/auth/cloudplatformprojects.readonly","https://www.googleapis.com/auth/firebase","https://www.googleapis.com/auth/cloud-platform","https://www.googleapis.com/auth/userinfo.email"]
[debug] [2026-01-22T23:35:11.761Z] > authorizing via signed-in user (marsaru22@gmail.com)
[error] Failed to fetch Firebase Project from Studio Workspace because WORKSPACE_SLUG environment variable is empty
[error] Failed to fetch Firebase Project from Studio Workspace because WORKSPACE_SLUG environment variable is empty
[error] Failed to fetch Firebase Project from Studio Workspace because WORKSPACE_SLUG environment variable is empty
[debug] [2026-01-22T23:35:11.882Z] > command requires scopes: ["email","openid","https://www.googleapis.com/auth/cloudplatformprojects.readonly","https://www.googleapis.com/auth/firebase","https://www.googleapis.com/auth/cloud-platform","https://www.googleapis.com/auth/userinfo.email"]
[debug] [2026-01-22T23:35:11.884Z] > authorizing via signed-in user (marsaru22@gmail.com)
[error] Failed to fetch Firebase Project from Studio Workspace because WORKSPACE_SLUG environment variable is empty
[debug] [2026-01-22T23:35:11.888Z] > command requires scopes: ["email","openid","https://www.googleapis.com/auth/cloudplatformprojects.readonly","https://www.googleapis.com/auth/firebase","https://www.googleapis.com/auth/cloud-platform","https://www.googleapis.com/auth/userinfo.email"]
[debug] [2026-01-22T23:35:11.888Z] > authorizing via signed-in user (marsaru22@gmail.com)
[error] Failed to fetch Firebase Project from Studio Workspace because WORKSPACE_SLUG environment variable is empty
[error] Failed to fetch Firebase Project from Studio Workspace because WORKSPACE_SLUG environment variable is empty
[error] Failed to fetch Firebase Project from Studio Workspace because WORKSPACE_SLUG environment variable is empty
[debug] [2026-01-22T23:35:11.921Z] > command requires scopes: ["email","openid","https://www.googleapis.com/auth/cloudplatformprojects.readonly","https://www.googleapis.com/auth/firebase","https://www.googleapis.com/auth/cloud-platform","https://www.googleapis.com/auth/userinfo.email"]
[debug] [2026-01-22T23:35:11.922Z] > authorizing via signed-in user (marsaru22@gmail.com)
[error] Failed to fetch Firebase Project from Studio Workspace because WORKSPACE_SLUG environment variable is empty
[debug] [2026-01-22T23:35:11.927Z] > command requires scopes: ["email","openid","https://www.googleapis.com/auth/cloudplatformprojects.readonly","https://www.googleapis.com/auth/firebase","https://www.googleapis.com/auth/cloud-platform","https://www.googleapis.com/auth/userinfo.email"]
[debug] [2026-01-22T23:35:11.927Z] > authorizing via signed-in user (marsaru22@gmail.com)
[error] Failed to fetch Firebase Project from Studio Workspace because WORKSPACE_SLUG environment variable is empty
[error] Failed to fetch Firebase Project from Studio Workspace because WORKSPACE_SLUG environment variable is empty
[error] Failed to fetch Firebase Project from Studio Workspace because WORKSPACE_SLUG environment variable is empty
[debug] [2026-01-22T23:35:11.946Z] > command requires scopes: ["email","openid","https://www.googleapis.com/auth/cloudplatformprojects.readonly","https://www.googleapis.com/auth/firebase","https://www.googleapis.com/auth/cloud-platform","https://www.googleapis.com/auth/userinfo.email"]
[debug] [2026-01-22T23:35:11.946Z] > authorizing via signed-in user (marsaru22@gmail.com)
[error] Failed to fetch Firebase Project from Studio Workspace because WORKSPACE_SLUG environment variable is empty
[debug] [2026-01-22T23:35:11.948Z] > command requires scopes: ["email","openid","https://www.googleapis.com/auth/cloudplatformprojects.readonly","https://www.googleapis.com/auth/firebase","https://www.googleapis.com/auth/cloud-platform","https://www.googleapis.com/auth/userinfo.email"]
[debug] [2026-01-22T23:35:11.948Z] > authorizing via signed-in user (marsaru22@gmail.com)
[error] Failed to fetch Firebase Project from Studio Workspace because WORKSPACE_SLUG environment variable is empty
[error] Failed to fetch Firebase Project from Studio Workspace because WORKSPACE_SLUG environment variable is empty
[error] Failed to fetch Firebase Project from Studio Workspace because WORKSPACE_SLUG environment variable is empty
[error] Failed to fetch Firebase Project from Studio Workspace because WORKSPACE_SLUG environment variable is empty
[debug] [2026-01-22T23:37:15.813Z] > command requires scopes: ["email","openid","https://www.googleapis.com/auth/cloudplatformprojects.readonly","https://www.googleapis.com/auth/firebase","https://www.googleapis.com/auth/cloud-platform","https://www.googleapis.com/auth/userinfo.email"]
[debug] [2026-01-22T23:37:15.815Z] > authorizing via signed-in user (marsaru22@gmail.com)
[debug] [2026-01-22T23:37:15.874Z] > command requires scopes: ["email","openid","https://www.googleapis.com/auth/cloudplatformprojects.readonly","https://www.googleapis.com/auth/firebase","https://www.googleapis.com/auth/cloud-platform","https://www.googleapis.com/auth/userinfo.email"]
[debug] [2026-01-22T23:37:15.875Z] > authorizing via signed-in user (marsaru22@gmail.com)
[error] Failed to fetch Firebase Project from Studio Workspace because WORKSPACE_SLUG environment variable is empty
[error] Failed to fetch Firebase Project from Studio Workspace because WORKSPACE_SLUG environment variable is empty
[error] Failed to fetch Firebase Project from Studio Workspace because WORKSPACE_SLUG environment variable is empty
[debug] [2026-01-22T23:37:16.002Z] > command requires scopes: ["email","openid","https://www.googleapis.com/auth/cloudplatformprojects.readonly","https://www.googleapis.com/auth/firebase","https://www.googleapis.com/auth/cloud-platform","https://www.googleapis.com/auth/userinfo.email"]
[debug] [2026-01-22T23:37:16.007Z] > authorizing via signed-in user (marsaru22@gmail.com)
[error] Failed to fetch Firebase Project from Studio Workspace because WORKSPACE_SLUG environment variable is empty
[debug] [2026-01-22T23:37:16.012Z] > command requires scopes: ["email","openid","https://www.googleapis.com/auth/cloudplatformprojects.readonly","https://www.googleapis.com/auth/firebase","https://www.googleapis.com/auth/cloud-platform","https://www.googleapis.com/auth/userinfo.email"]
[debug] [2026-01-22T23:37:16.013Z] > authorizing via signed-in user (marsaru22@gmail.com)
[error] Failed to fetch Firebase Project from Studio Workspace because WORKSPACE_SLUG environment variable is empty
[error] Failed to fetch Firebase Project from Studio Workspace because WORKSPACE_SLUG environment variable is empty
[error] Failed to fetch Firebase Project from Studio Workspace because WORKSPACE_SLUG environment variable is empty
[debug] [2026-01-22T23:37:16.068Z] > command requires scopes: ["email","openid","https://www.googleapis.com/auth/cloudplatformprojects.readonly","https://www.googleapis.com/auth/firebase","https://www.googleapis.com/auth/cloud-platform","https://www.googleapis.com/auth/userinfo.email"]
[debug] [2026-01-22T23:37:16.069Z] > authorizing via signed-in user (marsaru22@gmail.com)
[error] Failed to fetch Firebase Project from Studio Workspace because WORKSPACE_SLUG environment variable is empty
[debug] [2026-01-22T23:37:16.071Z] > command requires scopes: ["email","openid","https://www.googleapis.com/auth/cloudplatformprojects.readonly","https://www.googleapis.com/auth/firebase","https://www.googleapis.com/auth/cloud-platform","https://www.googleapis.com/auth/userinfo.email"]
[debug] [2026-01-22T23:37:16.071Z] > authorizing via signed-in user (marsaru22@gmail.com)
[error] Failed to fetch Firebase Project from Studio Workspace because WORKSPACE_SLUG environment variable is empty
[error] Failed to fetch Firebase Project from Studio Workspace because WORKSPACE_SLUG environment variable is empty
[error] Failed to fetch Firebase Project from Studio Workspace because WORKSPACE_SLUG environment variable is empty
[debug] [2026-01-22T23:37:16.080Z] > command requires scopes: ["email","openid","https://www.googleapis.com/auth/cloudplatformprojects.readonly","https://www.googleapis.com/auth/firebase","https://www.googleapis.com/auth/cloud-platform","https://www.googleapis.com/auth/userinfo.email"]
[debug] [2026-01-22T23:37:16.081Z] > authorizing via signed-in user (marsaru22@gmail.com)
[error] Failed to fetch Firebase Project from Studio Workspace because WORKSPACE_SLUG environment variable is empty
[debug] [2026-01-22T23:37:16.084Z] > command requires scopes: ["email","openid","https://www.googleapis.com/auth/cloudplatformprojects.readonly","https://www.googleapis.com/auth/firebase","https://www.googleapis.com/auth/cloud-platform","https://www.googleapis.com/auth/userinfo.email"]
[debug] [2026-01-22T23:37:16.085Z] > authorizing via signed-in user (marsaru22@gmail.com)
[error] Failed to fetch Firebase Project from Studio Workspace because WORKSPACE_SLUG environment variable is empty
[error] Failed to fetch Firebase Project from Studio Workspace because WORKSPACE_SLUG environment variable is empty
[error] Failed to fetch Firebase Project from Studio Workspace because WORKSPACE_SLUG environment variable is empty
[error] Failed to fetch Firebase Project from Studio Workspace because WORKSPACE_SLUG environment variable is empty
[debug] [2026-01-22T23:48:15.557Z] > command requires scopes: ["email","openid","https://www.googleapis.com/auth/cloudplatformprojects.readonly","https://www.googleapis.com/auth/firebase","https://www.googleapis.com/auth/cloud-platform","https://www.googleapis.com/auth/userinfo.email"]
[debug] [2026-01-22T23:48:15.559Z] > authorizing via signed-in user (marsaru22@gmail.com)
[debug] [2026-01-22T23:48:15.604Z] > command requires scopes: ["email","openid","https://www.googleapis.com/auth/cloudplatformprojects.readonly","https://www.googleapis.com/auth/firebase","https://www.googleapis.com/auth/cloud-platform","https://www.googleapis.com/auth/userinfo.email"]
[debug] [2026-01-22T23:48:15.605Z] > authorizing via signed-in user (marsaru22@gmail.com)
[error] Failed to fetch Firebase Project from Studio Workspace because WORKSPACE_SLUG environment variable is empty
[error] Failed to fetch Firebase Project from Studio Workspace because WORKSPACE_SLUG environment variable is empty
[error] Failed to fetch Firebase Project from Studio Workspace because WORKSPACE_SLUG environment variable is empty
[debug] [2026-01-22T23:48:15.723Z] > command requires scopes: ["email","openid","https://www.googleapis.com/auth/cloudplatformprojects.readonly","https://www.googleapis.com/auth/firebase","https://www.googleapis.com/auth/cloud-platform","https://www.googleapis.com/auth/userinfo.email"]
[debug] [2026-01-22T23:48:15.723Z] > authorizing via signed-in user (marsaru22@gmail.com)
[error] Failed to fetch Firebase Project from Studio Workspace because WORKSPACE_SLUG environment variable is empty
[debug] [2026-01-22T23:48:15.730Z] > command requires scopes: ["email","openid","https://www.googleapis.com/auth/cloudplatformprojects.readonly","https://www.googleapis.com/auth/firebase","https://www.googleapis.com/auth/cloud-platform","https://www.googleapis.com/auth/userinfo.email"]
[debug] [2026-01-22T23:48:15.732Z] > authorizing via signed-in user (marsaru22@gmail.com)
[error] Failed to fetch Firebase Project from Studio Workspace because WORKSPACE_SLUG environment variable is empty
[error] Failed to fetch Firebase Project from Studio Workspace because WORKSPACE_SLUG environment variable is empty
[error] Failed to fetch Firebase Project from Studio Workspace because WORKSPACE_SLUG environment variable is empty
[debug] [2026-01-22T23:48:15.774Z] > command requires scopes: ["email","openid","https://www.googleapis.com/auth/cloudplatformprojects.readonly","https://www.googleapis.com/auth/firebase","https://www.googleapis.com/auth/cloud-platform","https://www.googleapis.com/auth/userinfo.email"]
[debug] [2026-01-22T23:48:15.775Z] > authorizing via signed-in user (marsaru22@gmail.com)
[error] Failed to fetch Firebase Project from Studio Workspace because WORKSPACE_SLUG environment variable is empty
[debug] [2026-01-22T23:48:15.779Z] > command requires scopes: ["email","openid","https://www.googleapis.com/auth/cloudplatformprojects.readonly","https://www.googleapis.com/auth/firebase","https://www.googleapis.com/auth/cloud-platform","https://www.googleapis.com/auth/userinfo.email"]
[debug] [2026-01-22T23:48:15.779Z] > authorizing via signed-in user (marsaru22@gmail.com)
[error] Failed to fetch Firebase Project from Studio Workspace because WORKSPACE_SLUG environment variable is empty
[error] Failed to fetch Firebase Project from Studio Workspace because WORKSPACE_SLUG environment variable is empty
[error] Failed to fetch Firebase Project from Studio Workspace because WORKSPACE_SLUG environment variable is empty
[debug] [2026-01-22T23:48:15.786Z] > command requires scopes: ["email","openid","https://www.googleapis.com/auth/cloudplatformprojects.readonly","https://www.googleapis.com/auth/firebase","https://www.googleapis.com/auth/cloud-platform","https://www.googleapis.com/auth/userinfo.email"]
[debug] [2026-01-22T23:48:15.786Z] > authorizing via signed-in user (marsaru22@gmail.com)
[error] Failed to fetch Firebase Project from Studio Workspace because WORKSPACE_SLUG environment variable is empty
[debug] [2026-01-22T23:48:15.788Z] > command requires scopes: ["email","openid","https://www.googleapis.com/auth/cloudplatformprojects.readonly","https://www.googleapis.com/auth/firebase","https://www.googleapis.com/auth/cloud-platform","https://www.googleapis.com/auth/userinfo.email"]
[debug] [2026-01-22T23:48:15.788Z] > authorizing via signed-in user (marsaru22@gmail.com)
[error] Failed to fetch Firebase Project from Studio Workspace because WORKSPACE_SLUG environment variable is empty
[error] Failed to fetch Firebase Project from Studio Workspace because WORKSPACE_SLUG environment variable is empty
[error] Failed to fetch Firebase Project from Studio Workspace because WORKSPACE_SLUG environment variable is empty
[error] Failed to fetch Firebase Project from Studio Workspace because WORKSPACE_SLUG environment variable is empty
[debug] [2026-01-23T00:03:39.380Z] > command requires scopes: ["email","openid","https://www.googleapis.com/auth/cloudplatformprojects.readonly","https://www.googleapis.com/auth/firebase","https://www.googleapis.com/auth/cloud-platform","https://www.googleapis.com/auth/userinfo.email"]
[debug] [2026-01-23T00:03:39.381Z] > authorizing via signed-in user (marsaru22@gmail.com)
[debug] [2026-01-23T00:03:39.422Z] > command requires scopes: ["email","openid","https://www.googleapis.com/auth/cloudplatformprojects.readonly","https://www.googleapis.com/auth/firebase","https://www.googleapis.com/auth/cloud-platform","https://www.googleapis.com/auth/userinfo.email"]
[debug] [2026-01-23T00:03:39.423Z] > authorizing via signed-in user (marsaru22@gmail.com)
[error] Failed to fetch Firebase Project from Studio Workspace because WORKSPACE_SLUG environment variable is empty
[error] Failed to fetch Firebase Project from Studio Workspace because WORKSPACE_SLUG environment variable is empty
[error] Failed to fetch Firebase Project from Studio Workspace because WORKSPACE_SLUG environment variable is empty
[debug] [2026-01-23T00:03:39.542Z] > command requires scopes: ["email","openid","https://www.googleapis.com/auth/cloudplatformprojects.readonly","https://www.googleapis.com/auth/firebase","https://www.googleapis.com/auth/cloud-platform","https://www.googleapis.com/auth/userinfo.email"]
[debug] [2026-01-23T00:03:39.542Z] > authorizing via signed-in user (marsaru22@gmail.com)
[error] Failed to fetch Firebase Project from Studio Workspace because WORKSPACE_SLUG environment variable is empty
[debug] [2026-01-23T00:03:39.547Z] > command requires scopes: ["email","openid","https://www.googleapis.com/auth/cloudplatformprojects.readonly","https://www.googleapis.com/auth/firebase","https://www.googleapis.com/auth/cloud-platform","https://www.googleapis.com/auth/userinfo.email"]
[debug] [2026-01-23T00:03:39.547Z] > authorizing via signed-in user (marsaru22@gmail.com)
[error] Failed to fetch Firebase Project from Studio Workspace because WORKSPACE_SLUG environment variable is empty
[error] Failed to fetch Firebase Project from Studio Workspace because WORKSPACE_SLUG environment variable is empty
[error] Failed to fetch Firebase Project from Studio Workspace because WORKSPACE_SLUG environment variable is empty
[debug] [2026-01-23T00:03:39.579Z] > command requires scopes: ["email","openid","https://www.googleapis.com/auth/cloudplatformprojects.readonly","https://www.googleapis.com/auth/firebase","https://www.googleapis.com/auth/cloud-platform","https://www.googleapis.com/auth/userinfo.email"]
[debug] [2026-01-23T00:03:39.580Z] > authorizing via signed-in user (marsaru22@gmail.com)
[error] Failed to fetch Firebase Project from Studio Workspace because WORKSPACE_SLUG environment variable is empty
[debug] [2026-01-23T00:03:39.591Z] > command requires scopes: ["email","openid","https://www.googleapis.com/auth/cloudplatformprojects.readonly","https://www.googleapis.com/auth/firebase","https://www.googleapis.com/auth/cloud-platform","https://www.googleapis.com/auth/userinfo.email"]
[debug] [2026-01-23T00:03:39.595Z] > authorizing via signed-in user (marsaru22@gmail.com)
[error] Failed to fetch Firebase Project from Studio Workspace because WORKSPACE_SLUG environment variable is empty
[error] Failed to fetch Firebase Project from Studio Workspace because WORKSPACE_SLUG environment variable is empty
[error] Failed to fetch Firebase Project from Studio Workspace because WORKSPACE_SLUG environment variable is empty
[debug] [2026-01-23T00:03:39.610Z] > command requires scopes: ["email","openid","https://www.googleapis.com/auth/cloudplatformprojects.readonly","https://www.googleapis.com/auth/firebase","https://www.googleapis.com/auth/cloud-platform","https://www.googleapis.com/auth/userinfo.email"]
[debug] [2026-01-23T00:03:39.611Z] > authorizing via signed-in user (marsaru22@gmail.com)
[error] Failed to fetch Firebase Project from Studio Workspace because WORKSPACE_SLUG environment variable is empty
[debug] [2026-01-23T00:03:39.612Z] > command requires scopes: ["email","openid","https://www.googleapis.com/auth/cloudplatformprojects.readonly","https://www.googleapis.com/auth/firebase","https://www.googleapis.com/auth/cloud-platform","https://www.googleapis.com/auth/userinfo.email"]
[debug] [2026-01-23T00:03:39.613Z] > authorizing via signed-in user (marsaru22@gmail.com)
[error] Failed to fetch Firebase Project from Studio Workspace because WORKSPACE_SLUG environment variable is empty
[error] Failed to fetch Firebase Project from Studio Workspace because WORKSPACE_SLUG environment variable is empty
[error] Failed to fetch Firebase Project from Studio Workspace because WORKSPACE_SLUG environment variable is empty
[error] Failed to fetch Firebase Project from Studio Workspace because WORKSPACE_SLUG environment variable is empty
[debug] [2026-01-23T00:12:17.898Z] > command requires scopes: ["email","openid","https://www.googleapis.com/auth/cloudplatformprojects.readonly","https://www.googleapis.com/auth/firebase","https://www.googleapis.com/auth/cloud-platform","https://www.googleapis.com/auth/userinfo.email"]
[debug] [2026-01-23T00:12:17.902Z] > authorizing via signed-in user (marsaru22@gmail.com)
[debug] [2026-01-23T00:12:17.937Z] > command requires scopes: ["email","openid","https://www.googleapis.com/auth/cloudplatformprojects.readonly","https://www.googleapis.com/auth/firebase","https://www.googleapis.com/auth/cloud-platform","https://www.googleapis.com/auth/userinfo.email"]
[debug] [2026-01-23T00:12:17.938Z] > authorizing via signed-in user (marsaru22@gmail.com)
[error] Failed to fetch Firebase Project from Studio Workspace because WORKSPACE_SLUG environment variable is empty
[error] Failed to fetch Firebase Project from Studio Workspace because WORKSPACE_SLUG environment variable is empty
[error] Failed to fetch Firebase Project from Studio Workspace because WORKSPACE_SLUG environment variable is empty
[debug] [2026-01-23T00:12:18.098Z] > command requires scopes: ["email","openid","https://www.googleapis.com/auth/cloudplatformprojects.readonly","https://www.googleapis.com/auth/firebase","https://www.googleapis.com/auth/cloud-platform","https://www.googleapis.com/auth/userinfo.email"]
[debug] [2026-01-23T00:12:18.099Z] > authorizing via signed-in user (marsaru22@gmail.com)
[error] Failed to fetch Firebase Project from Studio Workspace because WORKSPACE_SLUG environment variable is empty
[debug] [2026-01-23T00:12:18.103Z] > command requires scopes: ["email","openid","https://www.googleapis.com/auth/cloudplatformprojects.readonly","https://www.googleapis.com/auth/firebase","https://www.googleapis.com/auth/cloud-platform","https://www.googleapis.com/auth/userinfo.email"]
[debug] [2026-01-23T00:12:18.103Z] > authorizing via signed-in user (marsaru22@gmail.com)
[error] Failed to fetch Firebase Project from Studio Workspace because WORKSPACE_SLUG environment variable is empty
[error] Failed to fetch Firebase Project from Studio Workspace because WORKSPACE_SLUG environment variable is empty
[error] Failed to fetch Firebase Project from Studio Workspace because WORKSPACE_SLUG environment variable is empty
[debug] [2026-01-23T00:12:18.152Z] > command requires scopes: ["email","openid","https://www.googleapis.com/auth/cloudplatformprojects.readonly","https://www.googleapis.com/auth/firebase","https://www.googleapis.com/auth/cloud-platform","https://www.googleapis.com/auth/userinfo.email"]
[debug] [2026-01-23T00:12:18.153Z] > authorizing via signed-in user (marsaru22@gmail.com)
[error] Failed to fetch Firebase Project from Studio Workspace because WORKSPACE_SLUG environment variable is empty
[debug] [2026-01-23T00:12:18.156Z] > command requires scopes: ["email","openid","https://www.googleapis.com/auth/cloudplatformprojects.readonly","https://www.googleapis.com/auth/firebase","https://www.googleapis.com/auth/cloud-platform","https://www.googleapis.com/auth/userinfo.email"]
[debug] [2026-01-23T00:12:18.156Z] > authorizing via signed-in user (marsaru22@gmail.com)
[error] Failed to fetch Firebase Project from Studio Workspace because WORKSPACE_SLUG environment variable is empty
[error] Failed to fetch Firebase Project from Studio Workspace because WORKSPACE_SLUG environment variable is empty
[error] Failed to fetch Firebase Project from Studio Workspace because WORKSPACE_SLUG environment variable is empty
[debug] [2026-01-23T00:12:18.165Z] > command requires scopes: ["email","openid","https://www.googleapis.com/auth/cloudplatformprojects.readonly","https://www.googleapis.com/auth/firebase","https://www.googleapis.com/auth/cloud-platform","https://www.googleapis.com/auth/userinfo.email"]
[debug] [2026-01-23T00:12:18.165Z] > authorizing via signed-in user (marsaru22@gmail.com)
[error] Failed to fetch Firebase Project from Studio Workspace because WORKSPACE_SLUG environment variable is empty
[debug] [2026-01-23T00:12:18.169Z] > command requires scopes: ["email","openid","https://www.googleapis.com/auth/cloudplatformprojects.readonly","https://www.googleapis.com/auth/firebase","https://www.googleapis.com/auth/cloud-platform","https://www.googleapis.com/auth/userinfo.email"]
[debug] [2026-01-23T00:12:18.169Z] > authorizing via signed-in user (marsaru22@gmail.com)
[error] Failed to fetch Firebase Project from Studio Workspace because WORKSPACE_SLUG environment variable is empty
[error] Failed to fetch Firebase Project from Studio Workspace because WORKSPACE_SLUG environment variable is empty
[error] Failed to fetch Firebase Project from Studio Workspace because WORKSPACE_SLUG environment variable is empty
[error] Failed to fetch Firebase Project from Studio Workspace because WORKSPACE_SLUG environment variable is empty
[debug] [2026-01-23T00:23:07.333Z] > command requires scopes: ["email","openid","https://www.googleapis.com/auth/cloudplatformprojects.readonly","https://www.googleapis.com/auth/firebase","https://www.googleapis.com/auth/cloud-platform","https://www.googleapis.com/auth/userinfo.email"]
[debug] [2026-01-23T00:23:07.336Z] > authorizing via signed-in user (marsaru22@gmail.com)
[debug] [2026-01-23T00:23:07.366Z] > command requires scopes: ["email","openid","https://www.googleapis.com/auth/cloudplatformprojects.readonly","https://www.googleapis.com/auth/firebase","https://www.googleapis.com/auth/cloud-platform","https://www.googleapis.com/auth/userinfo.email"]
[debug] [2026-01-23T00:23:07.367Z] > authorizing via signed-in user (marsaru22@gmail.com)
[error] Failed to fetch Firebase Project from Studio Workspace because WORKSPACE_SLUG environment variable is empty
[error] Failed to fetch Firebase Project from Studio Workspace because WORKSPACE_SLUG environment variable is empty
[error] Failed to fetch Firebase Project from Studio Workspace because WORKSPACE_SLUG environment variable is empty
[debug] [2026-01-23T00:23:07.492Z] > command requires scopes: ["email","openid","https://www.googleapis.com/auth/cloudplatformprojects.readonly","https://www.googleapis.com/auth/firebase","https://www.googleapis.com/auth/cloud-platform","https://www.googleapis.com/auth/userinfo.email"]
[debug] [2026-01-23T00:23:07.493Z] > authorizing via signed-in user (marsaru22@gmail.com)
[error] Failed to fetch Firebase Project from Studio Workspace because WORKSPACE_SLUG environment variable is empty
[debug] [2026-01-23T00:23:07.495Z] > command requires scopes: ["email","openid","https://www.googleapis.com/auth/cloudplatformprojects.readonly","https://www.googleapis.com/auth/firebase","https://www.googleapis.com/auth/cloud-platform","https://www.googleapis.com/auth/userinfo.email"]
[debug] [2026-01-23T00:23:07.496Z] > authorizing via signed-in user (marsaru22@gmail.com)
[error] Failed to fetch Firebase Project from Studio Workspace because WORKSPACE_SLUG environment variable is empty
[error] Failed to fetch Firebase Project from Studio Workspace because WORKSPACE_SLUG environment variable is empty
[error] Failed to fetch Firebase Project from Studio Workspace because WORKSPACE_SLUG environment variable is empty
[debug] [2026-01-23T00:23:07.533Z] > command requires scopes: ["email","openid","https://www.googleapis.com/auth/cloudplatformprojects.readonly","https://www.googleapis.com/auth/firebase","https://www.googleapis.com/auth/cloud-platform","https://www.googleapis.com/auth/userinfo.email"]
[debug] [2026-01-23T00:23:07.533Z] > authorizing via signed-in user (marsaru22@gmail.com)
[error] Failed to fetch Firebase Project from Studio Workspace because WORKSPACE_SLUG environment variable is empty
[debug] [2026-01-23T00:23:07.536Z] > command requires scopes: ["email","openid","https://www.googleapis.com/auth/cloudplatformprojects.readonly","https://www.googleapis.com/auth/firebase","https://www.googleapis.com/auth/cloud-platform","https://www.googleapis.com/auth/userinfo.email"]
[debug] [2026-01-23T00:23:07.537Z] > authorizing via signed-in user (marsaru22@gmail.com)
[error] Failed to fetch Firebase Project from Studio Workspace because WORKSPACE_SLUG environment variable is empty
[error] Failed to fetch Firebase Project from Studio Workspace because WORKSPACE_SLUG environment variable is empty
[error] Failed to fetch Firebase Project from Studio Workspace because WORKSPACE_SLUG environment variable is empty
[debug] [2026-01-23T00:23:07.544Z] > command requires scopes: ["email","openid","https://www.googleapis.com/auth/cloudplatformprojects.readonly","https://www.googleapis.com/auth/firebase","https://www.googleapis.com/auth/cloud-platform","https://www.googleapis.com/auth/userinfo.email"]
[debug] [2026-01-23T00:23:07.544Z] > authorizing via signed-in user (marsaru22@gmail.com)
[error] Failed to fetch Firebase Project from Studio Workspace because WORKSPACE_SLUG environment variable is empty
[debug] [2026-01-23T00:23:07.546Z] > command requires scopes: ["email","openid","https://www.googleapis.com/auth/cloudplatformprojects.readonly","https://www.googleapis.com/auth/firebase","https://www.googleapis.com/auth/cloud-platform","https://www.googleapis.com/auth/userinfo.email"]
[debug] [2026-01-23T00:23:07.546Z] > authorizing via signed-in user (marsaru22@gmail.com)
[error] Failed to fetch Firebase Project from Studio Workspace because WORKSPACE_SLUG environment variable is empty
[error] Failed to fetch Firebase Project from Studio Workspace because WORKSPACE_SLUG environment variable is empty
[debug] [2026-01-23T00:44:06.609Z] > command requires scopes: ["email","openid","https://www.googleapis.com/auth/cloudplatformprojects.readonly","https://www.googleapis.com/auth/firebase","https://www.googleapis.com/auth/cloud-platform","https://www.googleapis.com/auth/userinfo.email"]
[error] Failed to fetch Firebase Project from Studio Workspace because WORKSPACE_SLUG environment variable is empty
[error] Failed to fetch Firebase Project from Studio Workspace because WORKSPACE_SLUG environment variable is empty
[debug] [2026-01-23T00:44:06.647Z] > command requires scopes: ["email","openid","https://www.googleapis.com/auth/cloudplatformprojects.readonly","https://www.googleapis.com/auth/firebase","https://www.googleapis.com/auth/cloud-platform","https://www.googleapis.com/auth/userinfo.email"]
[debug] [2026-01-23T00:44:43.988Z] Running auto auth
[debug] [2026-01-23T00:44:43.989Z] Running auto auth
[error] Failed to fetch Firebase Project from Studio Workspace because WORKSPACE_SLUG environment variable is empty
[error] Failed to fetch Firebase Project from Studio Workspace because WORKSPACE_SLUG environment variable is empty
[error] Failed to fetch Firebase Project from Studio Workspace because WORKSPACE_SLUG environment variable is empty
[debug] [2026-01-23T00:44:44.171Z] > command requires scopes: ["email","openid","https://www.googleapis.com/auth/cloudplatformprojects.readonly","https://www.googleapis.com/auth/firebase","https://www.googleapis.com/auth/cloud-platform","https://www.googleapis.com/auth/userinfo.email"]
[debug] [2026-01-23T00:44:44.171Z] > authorizing via signed-in user (marsaru22@gmail.com)
[error] Failed to fetch Firebase Project from Studio Workspace because WORKSPACE_SLUG environment variable is empty
[debug] [2026-01-23T00:44:44.174Z] > command requires scopes: ["email","openid","https://www.googleapis.com/auth/cloudplatformprojects.readonly","https://www.googleapis.com/auth/firebase","https://www.googleapis.com/auth/cloud-platform","https://www.googleapis.com/auth/userinfo.email"]
[debug] [2026-01-23T00:44:44.174Z] > authorizing via signed-in user (marsaru22@gmail.com)
[error] Failed to fetch Firebase Project from Studio Workspace because WORKSPACE_SLUG environment variable is empty
[error] Failed to fetch Firebase Project from Studio Workspace because WORKSPACE_SLUG environment variable is empty
[error] Failed to fetch Firebase Project from Studio Workspace because WORKSPACE_SLUG environment variable is empty
[debug] [2026-01-23T00:44:44.213Z] > command requires scopes: ["email","openid","https://www.googleapis.com/auth/cloudplatformprojects.readonly","https://www.googleapis.com/auth/firebase","https://www.googleapis.com/auth/cloud-platform","https://www.googleapis.com/auth/userinfo.email"]
[debug] [2026-01-23T00:44:44.213Z] > authorizing via signed-in user (marsaru22@gmail.com)
[error] Failed to fetch Firebase Project from Studio Workspace because WORKSPACE_SLUG environment variable is empty
[debug] [2026-01-23T00:44:44.216Z] > command requires scopes: ["email","openid","https://www.googleapis.com/auth/cloudplatformprojects.readonly","https://www.googleapis.com/auth/firebase","https://www.googleapis.com/auth/cloud-platform","https://www.googleapis.com/auth/userinfo.email"]
[debug] [2026-01-23T00:44:44.216Z] > authorizing via signed-in user (marsaru22@gmail.com)
[error] Failed to fetch Firebase Project from Studio Workspace because WORKSPACE_SLUG environment variable is empty
[error] Failed to fetch Firebase Project from Studio Workspace because WORKSPACE_SLUG environment variable is empty
[error] Failed to fetch Firebase Project from Studio Workspace because WORKSPACE_SLUG environment variable is empty
[debug] [2026-01-23T00:44:44.223Z] > command requires scopes: ["email","openid","https://www.googleapis.com/auth/cloudplatformprojects.readonly","https://www.googleapis.com/auth/firebase","https://www.googleapis.com/auth/cloud-platform","https://www.googleapis.com/auth/userinfo.email"]
[debug] [2026-01-23T00:44:44.223Z] > authorizing via signed-in user (marsaru22@gmail.com)
[error] Failed to fetch Firebase Project from Studio Workspace because WORKSPACE_SLUG environment variable is empty
[debug] [2026-01-23T00:44:44.224Z] > command requires scopes: ["email","openid","https://www.googleapis.com/auth/cloudplatformprojects.readonly","https://www.googleapis.com/auth/firebase","https://www.googleapis.com/auth/cloud-platform","https://www.googleapis.com/auth/userinfo.email"]
[debug] [2026-01-23T00:44:44.224Z] > authorizing via signed-in user (marsaru22@gmail.com)
[error] Failed to fetch Firebase Project from Studio Workspace because WORKSPACE_SLUG environment variable is empty
[error] Failed to fetch Firebase Project from Studio Workspace because WORKSPACE_SLUG environment variable is empty
[debug] [2026-01-23T00:46:25.883Z] > command requires scopes: ["email","openid","https://www.googleapis.com/auth/cloudplatformprojects.readonly","https://www.googleapis.com/auth/firebase","https://www.googleapis.com/auth/cloud-platform","https://www.googleapis.com/auth/userinfo.email"]
[debug] [2026-01-23T00:46:25.898Z] > authorizing via signed-in user (marsaru22@gmail.com)
[error] Failed to fetch Firebase Project from Studio Workspace because WORKSPACE_SLUG environment variable is empty
[error] Failed to fetch Firebase Project from Studio Workspace because WORKSPACE_SLUG environment variable is empty
[debug] [2026-01-23T00:46:25.953Z] > command requires scopes: ["email","openid","https://www.googleapis.com/auth/cloudplatformprojects.readonly","https://www.googleapis.com/auth/firebase","https://www.googleapis.com/auth/cloud-platform","https://www.googleapis.com/auth/userinfo.email"]
[debug] [2026-01-23T00:46:25.954Z] > authorizing via signed-in user (marsaru22@gmail.com)
[error] Failed to fetch Firebase Project from Studio Workspace because WORKSPACE_SLUG environment variable is empty
[error] Failed to fetch Firebase Project from Studio Workspace because WORKSPACE_SLUG environment variable is empty
[error] Failed to fetch Firebase Project from Studio Workspace because WORKSPACE_SLUG environment variable is empty
[debug] [2026-01-23T00:46:26.077Z] > command requires scopes: ["email","openid","https://www.googleapis.com/auth/cloudplatformprojects.readonly","https://www.googleapis.com/auth/firebase","https://www.googleapis.com/auth/cloud-platform","https://www.googleapis.com/auth/userinfo.email"]
[debug] [2026-01-23T00:46:26.077Z] > authorizing via signed-in user (marsaru22@gmail.com)
[error] Failed to fetch Firebase Project from Studio Workspace because WORKSPACE_SLUG environment variable is empty
[debug] [2026-01-23T00:46:26.082Z] > command requires scopes: ["email","openid","https://www.googleapis.com/auth/cloudplatformprojects.readonly","https://www.googleapis.com/auth/firebase","https://www.googleapis.com/auth/cloud-platform","https://www.googleapis.com/auth/userinfo.email"]
[debug] [2026-01-23T00:46:26.082Z] > authorizing via signed-in user (marsaru22@gmail.com)
[error] Failed to fetch Firebase Project from Studio Workspace because WORKSPACE_SLUG environment variable is empty
[error] Failed to fetch Firebase Project from Studio Workspace because WORKSPACE_SLUG environment variable is empty
[error] Failed to fetch Firebase Project from Studio Workspace because WORKSPACE_SLUG environment variable is empty
[debug] [2026-01-23T00:46:26.129Z] > command requires scopes: ["email","openid","https://www.googleapis.com/auth/cloudplatformprojects.readonly","https://www.googleapis.com/auth/firebase","https://www.googleapis.com/auth/cloud-platform","https://www.googleapis.com/auth/userinfo.email"]
[debug] [2026-01-23T00:46:26.130Z] > authorizing via signed-in user (marsaru22@gmail.com)
[error] Failed to fetch Firebase Project from Studio Workspace because WORKSPACE_SLUG environment variable is empty
[debug] [2026-01-23T00:46:26.133Z] > command requires scopes: ["email","openid","https://www.googleapis.com/auth/cloudplatformprojects.readonly","https://www.googleapis.com/auth/firebase","https://www.googleapis.com/auth/cloud-platform","https://www.googleapis.com/auth/userinfo.email"]
[debug] [2026-01-23T00:46:26.134Z] > authorizing via signed-in user (marsaru22@gmail.com)
[error] Failed to fetch Firebase Project from Studio Workspace because WORKSPACE_SLUG environment variable is empty
[error] Failed to fetch Firebase Project from Studio Workspace because WORKSPACE_SLUG environment variable is empty
[error] Failed to fetch Firebase Project from Studio Workspace because WORKSPACE_SLUG environment variable is empty
[debug] [2026-01-23T00:46:26.145Z] > command requires scopes: ["email","openid","https://www.googleapis.com/auth/cloudplatformprojects.readonly","https://www.googleapis.com/auth/firebase","https://www.googleapis.com/auth/cloud-platform","https://www.googleapis.com/auth/userinfo.email"]
[debug] [2026-01-23T00:46:26.145Z] > authorizing via signed-in user (marsaru22@gmail.com)
[error] Failed to fetch Firebase Project from Studio Workspace because WORKSPACE_SLUG environment variable is empty
[debug] [2026-01-23T00:46:26.147Z] > command requires scopes: ["email","openid","https://www.googleapis.com/auth/cloudplatformprojects.readonly","https://www.googleapis.com/auth/firebase","https://www.googleapis.com/auth/cloud-platform","https://www.googleapis.com/auth/userinfo.email"]
[debug] [2026-01-23T00:46:26.147Z] > authorizing via signed-in user (marsaru22@gmail.com)
[error] Failed to fetch Firebase Project from Studio Workspace because WORKSPACE_SLUG environment variable is empty
[error] Failed to fetch Firebase Project from Studio Workspace because WORKSPACE_SLUG environment variable is empty
[error] Failed to fetch Firebase Project from Studio Workspace because WORKSPACE_SLUG environment variable is empty
[error] Failed to fetch Firebase Project from Studio Workspace because WORKSPACE_SLUG environment variable is empty
[debug] [2026-01-23T00:53:56.711Z] > command requires scopes: ["email","openid","https://www.googleapis.com/auth/cloudplatformprojects.readonly","https://www.googleapis.com/auth/firebase","https://www.googleapis.com/auth/cloud-platform","https://www.googleapis.com/auth/userinfo.email"]
[debug] [2026-01-23T00:53:56.715Z] > authorizing via signed-in user (marsaru22@gmail.com)
[debug] [2026-01-23T00:53:56.751Z] > command requires scopes: ["email","openid","https://www.googleapis.com/auth/cloudplatformprojects.readonly","https://www.googleapis.com/auth/firebase","https://www.googleapis.com/auth/cloud-platform","https://www.googleapis.com/auth/userinfo.email"]
[debug] [2026-01-23T00:53:56.752Z] > authorizing via signed-in user (marsaru22@gmail.com)
[error] Failed to fetch Firebase Project from Studio Workspace because WORKSPACE_SLUG environment variable is empty
[error] Failed to fetch Firebase Project from Studio Workspace because WORKSPACE_SLUG environment variable is empty
[error] Failed to fetch Firebase Project from Studio Workspace because WORKSPACE_SLUG environment variable is empty
[debug] [2026-01-23T00:53:56.898Z] > command requires scopes: ["email","openid","https://www.googleapis.com/auth/cloudplatformprojects.readonly","https://www.googleapis.com/auth/firebase","https://www.googleapis.com/auth/cloud-platform","https://www.googleapis.com/auth/userinfo.email"]
[debug] [2026-01-23T00:53:56.899Z] > authorizing via signed-in user (marsaru22@gmail.com)
[error] Failed to fetch Firebase Project from Studio Workspace because WORKSPACE_SLUG environment variable is empty
[debug] [2026-01-23T00:53:56.906Z] > command requires scopes: ["email","openid","https://www.googleapis.com/auth/cloudplatformprojects.readonly","https://www.googleapis.com/auth/firebase","https://www.googleapis.com/auth/cloud-platform","https://www.googleapis.com/auth/userinfo.email"]
[debug] [2026-01-23T00:53:56.906Z] > authorizing via signed-in user (marsaru22@gmail.com)
[error] Failed to fetch Firebase Project from Studio Workspace because WORKSPACE_SLUG environment variable is empty
[error] Failed to fetch Firebase Project from Studio Workspace because WORKSPACE_SLUG environment variable is empty
[error] Failed to fetch Firebase Project from Studio Workspace because WORKSPACE_SLUG environment variable is empty
[debug] [2026-01-23T00:53:56.941Z] > command requires scopes: ["email","openid","https://www.googleapis.com/auth/cloudplatformprojects.readonly","https://www.googleapis.com/auth/firebase","https://www.googleapis.com/auth/cloud-platform","https://www.googleapis.com/auth/userinfo.email"]
[debug] [2026-01-23T00:53:56.943Z] > authorizing via signed-in user (marsaru22@gmail.com)
[error] Failed to fetch Firebase Project from Studio Workspace because WORKSPACE_SLUG environment variable is empty
[debug] [2026-01-23T00:53:56.947Z] > command requires scopes: ["email","openid","https://www.googleapis.com/auth/cloudplatformprojects.readonly","https://www.googleapis.com/auth/firebase","https://www.googleapis.com/auth/cloud-platform","https://www.googleapis.com/auth/userinfo.email"]
[debug] [2026-01-23T00:53:56.948Z] > authorizing via signed-in user (marsaru22@gmail.com)
[error] Failed to fetch Firebase Project from Studio Workspace because WORKSPACE_SLUG environment variable is empty
[error] Failed to fetch Firebase Project from Studio Workspace because WORKSPACE_SLUG environment variable is empty
[error] Failed to fetch Firebase Project from Studio Workspace because WORKSPACE_SLUG environment variable is empty
[debug] [2026-01-23T00:53:56.971Z] > command requires scopes: ["email","openid","https://www.googleapis.com/auth/cloudplatformprojects.readonly","https://www.googleapis.com/auth/firebase","https://www.googleapis.com/auth/cloud-platform","https://www.googleapis.com/auth/userinfo.email"]
[debug] [2026-01-23T00:53:56.972Z] > authorizing via signed-in user (marsaru22@gmail.com)
[error] Failed to fetch Firebase Project from Studio Workspace because WORKSPACE_SLUG environment variable is empty
[debug] [2026-01-23T00:53:56.976Z] > command requires scopes: ["email","openid","https://www.googleapis.com/auth/cloudplatformprojects.readonly","https://www.googleapis.com/auth/firebase","https://www.googleapis.com/auth/cloud-platform","https://www.googleapis.com/auth/userinfo.email"]
[debug] [2026-01-23T00:53:56.976Z] > authorizing via signed-in user (marsaru22@gmail.com)
[error] Failed to fetch Firebase Project from Studio Workspace because WORKSPACE_SLUG environment variable is empty
[error] Failed to fetch Firebase Project from Studio Workspace because WORKSPACE_SLUG environment variable is empty
[error] Failed to fetch Firebase Project from Studio Workspace because WORKSPACE_SLUG environment variable is empty
[error] Failed to fetch Firebase Project from Studio Workspace because WORKSPACE_SLUG environment variable is empty
[debug] [2026-01-23T01:04:30.476Z] > command requires scopes: ["email","openid","https://www.googleapis.com/auth/cloudplatformprojects.readonly","https://www.googleapis.com/auth/firebase","https://www.googleapis.com/auth/cloud-platform","https://www.googleapis.com/auth/userinfo.email"]
[debug] [2026-01-23T01:04:30.478Z] > authorizing via signed-in user (marsaru22@gmail.com)
[debug] [2026-01-23T01:04:30.513Z] > command requires scopes: ["email","openid","https://www.googleapis.com/auth/cloudplatformprojects.readonly","https://www.googleapis.com/auth/firebase","https://www.googleapis.com/auth/cloud-platform","https://www.googleapis.com/auth/userinfo.email"]
[debug] [2026-01-23T01:04:30.514Z] > authorizing via signed-in user (marsaru22@gmail.com)
[error] Failed to fetch Firebase Project from Studio Workspace because WORKSPACE_SLUG environment variable is empty
[error] Failed to fetch Firebase Project from Studio Workspace because WORKSPACE_SLUG environment variable is empty
[error] Failed to fetch Firebase Project from Studio Workspace because WORKSPACE_SLUG environment variable is empty
[debug] [2026-01-23T01:04:30.643Z] > command requires scopes: ["email","openid","https://www.googleapis.com/auth/cloudplatformprojects.readonly","https://www.googleapis.com/auth/firebase","https://www.googleapis.com/auth/cloud-platform","https://www.googleapis.com/auth/userinfo.email"]
[debug] [2026-01-23T01:04:30.644Z] > authorizing via signed-in user (marsaru22@gmail.com)
[error] Failed to fetch Firebase Project from Studio Workspace because WORKSPACE_SLUG environment variable is empty
[debug] [2026-01-23T01:04:30.646Z] > command requires scopes: ["email","openid","https://www.googleapis.com/auth/cloudplatformprojects.readonly","https://www.googleapis.com/auth/firebase","https://www.googleapis.com/auth/cloud-platform","https://www.googleapis.com/auth/userinfo.email"]
[debug] [2026-01-23T01:04:30.647Z] > authorizing via signed-in user (marsaru22@gmail.com)
[error] Failed to fetch Firebase Project from Studio Workspace because WORKSPACE_SLUG environment variable is empty
[error] Failed to fetch Firebase Project from Studio Workspace because WORKSPACE_SLUG environment variable is empty
[error] Failed to fetch Firebase Project from Studio Workspace because WORKSPACE_SLUG environment variable is empty
[debug] [2026-01-23T01:04:30.677Z] > command requires scopes: ["email","openid","https://www.googleapis.com/auth/cloudplatformprojects.readonly","https://www.googleapis.com/auth/firebase","https://www.googleapis.com/auth/cloud-platform","https://www.googleapis.com/auth/userinfo.email"]
[debug] [2026-01-23T01:04:30.677Z] > authorizing via signed-in user (marsaru22@gmail.com)
[error] Failed to fetch Firebase Project from Studio Workspace because WORKSPACE_SLUG environment variable is empty
[debug] [2026-01-23T01:04:30.683Z] > command requires scopes: ["email","openid","https://www.googleapis.com/auth/cloudplatformprojects.readonly","https://www.googleapis.com/auth/firebase","https://www.googleapis.com/auth/cloud-platform","https://www.googleapis.com/auth/userinfo.email"]
[debug] [2026-01-23T01:04:30.683Z] > authorizing via signed-in user (marsaru22@gmail.com)
[error] Failed to fetch Firebase Project from Studio Workspace because WORKSPACE_SLUG environment variable is empty
[error] Failed to fetch Firebase Project from Studio Workspace because WORKSPACE_SLUG environment variable is empty
[error] Failed to fetch Firebase Project from Studio Workspace because WORKSPACE_SLUG environment variable is empty
[debug] [2026-01-23T01:04:30.698Z] > command requires scopes: ["email","openid","https://www.googleapis.com/auth/cloudplatformprojects.readonly","https://www.googleapis.com/auth/firebase","https://www.googleapis.com/auth/cloud-platform","https://www.googleapis.com/auth/userinfo.email"]
[debug] [2026-01-23T01:04:30.699Z] > authorizing via signed-in user (marsaru22@gmail.com)
[error] Failed to fetch Firebase Project from Studio Workspace because WORKSPACE_SLUG environment variable is empty
[debug] [2026-01-23T01:04:30.701Z] > command requires scopes: ["email","openid","https://www.googleapis.com/auth/cloudplatformprojects.readonly","https://www.googleapis.com/auth/firebase","https://www.googleapis.com/auth/cloud-platform","https://www.googleapis.com/auth/userinfo.email"]
[debug] [2026-01-23T01:04:30.701Z] > authorizing via signed-in user (marsaru22@gmail.com)
[error] Failed to fetch Firebase Project from Studio Workspace because WORKSPACE_SLUG environment variable is empty
[error] Failed to fetch Firebase Project from Studio Workspace because WORKSPACE_SLUG environment variable is empty
[error] Failed to fetch Firebase Project from Studio Workspace because WORKSPACE_SLUG environment variable is empty
[error] Failed to fetch Firebase Project from Studio Workspace because WORKSPACE_SLUG environment variable is empty
[debug] [2026-01-23T01:33:52.788Z] > command requires scopes: ["email","openid","https://www.googleapis.com/auth/cloudplatformprojects.readonly","https://www.googleapis.com/auth/firebase","https://www.googleapis.com/auth/cloud-platform","https://www.googleapis.com/auth/userinfo.email"]
[debug] [2026-01-23T01:33:52.790Z] > authorizing via signed-in user (marsaru22@gmail.com)
[debug] [2026-01-23T01:33:52.821Z] > command requires scopes: ["email","openid","https://www.googleapis.com/auth/cloudplatformprojects.readonly","https://www.googleapis.com/auth/firebase","https://www.googleapis.com/auth/cloud-platform","https://www.googleapis.com/auth/userinfo.email"]
[debug] [2026-01-23T01:33:52.822Z] > authorizing via signed-in user (marsaru22@gmail.com)
[error] Failed to fetch Firebase Project from Studio Workspace because WORKSPACE_SLUG environment variable is empty
[error] Failed to fetch Firebase Project from Studio Workspace because WORKSPACE_SLUG environment variable is empty
[error] Failed to fetch Firebase Project from Studio Workspace because WORKSPACE_SLUG environment variable is empty
[debug] [2026-01-23T01:33:52.967Z] > command requires scopes: ["email","openid","https://www.googleapis.com/auth/cloudplatformprojects.readonly","https://www.googleapis.com/auth/firebase","https://www.googleapis.com/auth/cloud-platform","https://www.googleapis.com/auth/userinfo.email"]
[debug] [2026-01-23T01:33:52.972Z] > authorizing via signed-in user (marsaru22@gmail.com)
[error] Failed to fetch Firebase Project from Studio Workspace because WORKSPACE_SLUG environment variable is empty
[debug] [2026-01-23T01:33:52.975Z] > command requires scopes: ["email","openid","https://www.googleapis.com/auth/cloudplatformprojects.readonly","https://www.googleapis.com/auth/firebase","https://www.googleapis.com/auth/cloud-platform","https://www.googleapis.com/auth/userinfo.email"]
[debug] [2026-01-23T01:33:52.975Z] > authorizing via signed-in user (marsaru22@gmail.com)
[error] Failed to fetch Firebase Project from Studio Workspace because WORKSPACE_SLUG environment variable is empty
[error] Failed to fetch Firebase Project from Studio Workspace because WORKSPACE_SLUG environment variable is empty
[error] Failed to fetch Firebase Project from Studio Workspace because WORKSPACE_SLUG environment variable is empty
[debug] [2026-01-23T01:33:53.003Z] > command requires scopes: ["email","openid","https://www.googleapis.com/auth/cloudplatformprojects.readonly","https://www.googleapis.com/auth/firebase","https://www.googleapis.com/auth/cloud-platform","https://www.googleapis.com/auth/userinfo.email"]
[debug] [2026-01-23T01:33:53.004Z] > authorizing via signed-in user (marsaru22@gmail.com)
[error] Failed to fetch Firebase Project from Studio Workspace because WORKSPACE_SLUG environment variable is empty
[debug] [2026-01-23T01:33:53.005Z] > command requires scopes: ["email","openid","https://www.googleapis.com/auth/cloudplatformprojects.readonly","https://www.googleapis.com/auth/firebase","https://www.googleapis.com/auth/cloud-platform","https://www.googleapis.com/auth/userinfo.email"]
[debug] [2026-01-23T01:33:53.006Z] > authorizing via signed-in user (marsaru22@gmail.com)
[error] Failed to fetch Firebase Project from Studio Workspace because WORKSPACE_SLUG environment variable is empty
[error] Failed to fetch Firebase Project from Studio Workspace because WORKSPACE_SLUG environment variable is empty
[error] Failed to fetch Firebase Project from Studio Workspace because WORKSPACE_SLUG environment variable is empty
[debug] [2026-01-23T01:33:53.013Z] > command requires scopes: ["email","openid","https://www.googleapis.com/auth/cloudplatformprojects.readonly","https://www.googleapis.com/auth/firebase","https://www.googleapis.com/auth/cloud-platform","https://www.googleapis.com/auth/userinfo.email"]
[debug] [2026-01-23T01:33:53.013Z] > authorizing via signed-in user (marsaru22@gmail.com)
[error] Failed to fetch Firebase Project from Studio Workspace because WORKSPACE_SLUG environment variable is empty
[debug] [2026-01-23T01:33:53.016Z] > command requires scopes: ["email","openid","https://www.googleapis.com/auth/cloudplatformprojects.readonly","https://www.googleapis.com/auth/firebase","https://www.googleapis.com/auth/cloud-platform","https://www.googleapis.com/auth/userinfo.email"]
[debug] [2026-01-23T01:33:53.016Z] > authorizing via signed-in user (marsaru22@gmail.com)
[error] Failed to fetch Firebase Project from Studio Workspace because WORKSPACE_SLUG environment variable is empty
[error] Failed to fetch Firebase Project from Studio Workspace because WORKSPACE_SLUG environment variable is empty
[error] Failed to fetch Firebase Project from Studio Workspace because WORKSPACE_SLUG environment variable is empty
[error] Failed to fetch Firebase Project from Studio Workspace because WORKSPACE_SLUG environment variable is empty
[debug] [2026-01-23T02:40:26.213Z] > command requires scopes: ["email","openid","https://www.googleapis.com/auth/cloudplatformprojects.readonly","https://www.googleapis.com/auth/firebase","https://www.googleapis.com/auth/cloud-platform","https://www.googleapis.com/auth/userinfo.email"]
[debug] [2026-01-23T02:40:26.219Z] > command requires scopes: ["email","openid","https://www.googleapis.com/auth/cloudplatformprojects.readonly","https://www.googleapis.com/auth/firebase","https://www.googleapis.com/auth/cloud-platform","https://www.googleapis.com/auth/userinfo.email"]
[debug] [2026-01-23T02:41:10.703Z] Running auto auth
[debug] [2026-01-23T02:41:10.705Z] Running auto auth
[error] Failed to fetch Firebase Project from Studio Workspace because WORKSPACE_SLUG environment variable is empty
[error] Failed to fetch Firebase Project from Studio Workspace because WORKSPACE_SLUG environment variable is empty
[error] Failed to fetch Firebase Project from Studio Workspace because WORKSPACE_SLUG environment variable is empty
[debug] [2026-01-23T02:41:10.964Z] > command requires scopes: ["email","openid","https://www.googleapis.com/auth/cloudplatformprojects.readonly","https://www.googleapis.com/auth/firebase","https://www.googleapis.com/auth/cloud-platform","https://www.googleapis.com/auth/userinfo.email"]
[debug] [2026-01-23T02:41:10.965Z] > authorizing via signed-in user (marsaru22@gmail.com)
[error] Failed to fetch Firebase Project from Studio Workspace because WORKSPACE_SLUG environment variable is empty
[debug] [2026-01-23T02:41:10.969Z] > command requires scopes: ["email","openid","https://www.googleapis.com/auth/cloudplatformprojects.readonly","https://www.googleapis.com/auth/firebase","https://www.googleapis.com/auth/cloud-platform","https://www.googleapis.com/auth/userinfo.email"]
[debug] [2026-01-23T02:41:10.969Z] > authorizing via signed-in user (marsaru22@gmail.com)
[error] Failed to fetch Firebase Project from Studio Workspace because WORKSPACE_SLUG environment variable is empty
[error] Failed to fetch Firebase Project from Studio Workspace because WORKSPACE_SLUG environment variable is empty
[error] Failed to fetch Firebase Project from Studio Workspace because WORKSPACE_SLUG environment variable is empty
[debug] [2026-01-23T02:41:11.003Z] > command requires scopes: ["email","openid","https://www.googleapis.com/auth/cloudplatformprojects.readonly","https://www.googleapis.com/auth/firebase","https://www.googleapis.com/auth/cloud-platform","https://www.googleapis.com/auth/userinfo.email"]
[debug] [2026-01-23T02:41:11.004Z] > authorizing via signed-in user (marsaru22@gmail.com)
[error] Failed to fetch Firebase Project from Studio Workspace because WORKSPACE_SLUG environment variable is empty
[debug] [2026-01-23T02:41:11.008Z] > command requires scopes: ["email","openid","https://www.googleapis.com/auth/cloudplatformprojects.readonly","https://www.googleapis.com/auth/firebase","https://www.googleapis.com/auth/cloud-platform","https://www.googleapis.com/auth/userinfo.email"]
[debug] [2026-01-23T02:41:11.008Z] > authorizing via signed-in user (marsaru22@gmail.com)
[error] Failed to fetch Firebase Project from Studio Workspace because WORKSPACE_SLUG environment variable is empty
[error] Failed to fetch Firebase Project from Studio Workspace because WORKSPACE_SLUG environment variable is empty
[error] Failed to fetch Firebase Project from Studio Workspace because WORKSPACE_SLUG environment variable is empty
[debug] [2026-01-23T02:41:11.019Z] > command requires scopes: ["email","openid","https://www.googleapis.com/auth/cloudplatformprojects.readonly","https://www.googleapis.com/auth/firebase","https://www.googleapis.com/auth/cloud-platform","https://www.googleapis.com/auth/userinfo.email"]
[debug] [2026-01-23T02:41:11.019Z] > authorizing via signed-in user (marsaru22@gmail.com)
[error] Failed to fetch Firebase Project from Studio Workspace because WORKSPACE_SLUG environment variable is empty
[debug] [2026-01-23T02:41:11.020Z] > command requires scopes: ["email","openid","https://www.googleapis.com/auth/cloudplatformprojects.readonly","https://www.googleapis.com/auth/firebase","https://www.googleapis.com/auth/cloud-platform","https://www.googleapis.com/auth/userinfo.email"]
[debug] [2026-01-23T02:41:11.021Z] > authorizing via signed-in user (marsaru22@gmail.com)
[error] Failed to fetch Firebase Project from Studio Workspace because WORKSPACE_SLUG environment variable is empty
[error] Failed to fetch Firebase Project from Studio Workspace because WORKSPACE_SLUG environment variable is empty
[error] Failed to fetch Firebase Project from Studio Workspace because WORKSPACE_SLUG environment variable is empty
[error] Failed to fetch Firebase Project from Studio Workspace because WORKSPACE_SLUG environment variable is empty
[debug] [2026-01-23T02:45:24.766Z] > command requires scopes: ["email","openid","https://www.googleapis.com/auth/cloudplatformprojects.readonly","https://www.googleapis.com/auth/firebase","https://www.googleapis.com/auth/cloud-platform","https://www.googleapis.com/auth/userinfo.email"]
[debug] [2026-01-23T02:45:24.768Z] > authorizing via signed-in user (marsaru22@gmail.com)
[debug] [2026-01-23T02:45:24.865Z] > command requires scopes: ["email","openid","https://www.googleapis.com/auth/cloudplatformprojects.readonly","https://www.googleapis.com/auth/firebase","https://www.googleapis.com/auth/cloud-platform","https://www.googleapis.com/auth/userinfo.email"]
[debug] [2026-01-23T02:45:24.867Z] > authorizing via signed-in user (marsaru22@gmail.com)
[error] Failed to fetch Firebase Project from Studio Workspace because WORKSPACE_SLUG environment variable is empty
[error] Failed to fetch Firebase Project from Studio Workspace because WORKSPACE_SLUG environment variable is empty
[error] Failed to fetch Firebase Project from Studio Workspace because WORKSPACE_SLUG environment variable is empty
[debug] [2026-01-23T02:45:25.163Z] > command requires scopes: ["email","openid","https://www.googleapis.com/auth/cloudplatformprojects.readonly","https://www.googleapis.com/auth/firebase","https://www.googleapis.com/auth/cloud-platform","https://www.googleapis.com/auth/userinfo.email"]
[debug] [2026-01-23T02:45:25.163Z] > authorizing via signed-in user (marsaru22@gmail.com)
[error] Failed to fetch Firebase Project from Studio Workspace because WORKSPACE_SLUG environment variable is empty
[debug] [2026-01-23T02:45:25.171Z] > command requires scopes: ["email","openid","https://www.googleapis.com/auth/cloudplatformprojects.readonly","https://www.googleapis.com/auth/firebase","https://www.googleapis.com/auth/cloud-platform","https://www.googleapis.com/auth/userinfo.email"]
[debug] [2026-01-23T02:45:25.172Z] > authorizing via signed-in user (marsaru22@gmail.com)
[error] Failed to fetch Firebase Project from Studio Workspace because WORKSPACE_SLUG environment variable is empty
[error] Failed to fetch Firebase Project from Studio Workspace because WORKSPACE_SLUG environment variable is empty
[error] Failed to fetch Firebase Project from Studio Workspace because WORKSPACE_SLUG environment variable is empty
[debug] [2026-01-23T02:45:25.214Z] > command requires scopes: ["email","openid","https://www.googleapis.com/auth/cloudplatformprojects.readonly","https://www.googleapis.com/auth/firebase","https://www.googleapis.com/auth/cloud-platform","https://www.googleapis.com/auth/userinfo.email"]
[debug] [2026-01-23T02:45:25.214Z] > authorizing via signed-in user (marsaru22@gmail.com)
[error] Failed to fetch Firebase Project from Studio Workspace because WORKSPACE_SLUG environment variable is empty
[debug] [2026-01-23T02:45:25.217Z] > command requires scopes: ["email","openid","https://www.googleapis.com/auth/cloudplatformprojects.readonly","https://www.googleapis.com/auth/firebase","https://www.googleapis.com/auth/cloud-platform","https://www.googleapis.com/auth/userinfo.email"]
[debug] [2026-01-23T02:45:25.218Z] > authorizing via signed-in user (marsaru22@gmail.com)
[error] Failed to fetch Firebase Project from Studio Workspace because WORKSPACE_SLUG environment variable is empty
[error] Failed to fetch Firebase Project from Studio Workspace because WORKSPACE_SLUG environment variable is empty
[error] Failed to fetch Firebase Project from Studio Workspace because WORKSPACE_SLUG environment variable is empty
[debug] [2026-01-23T02:45:25.228Z] > command requires scopes: ["email","openid","https://www.googleapis.com/auth/cloudplatformprojects.readonly","https://www.googleapis.com/auth/firebase","https://www.googleapis.com/auth/cloud-platform","https://www.googleapis.com/auth/userinfo.email"]
[debug] [2026-01-23T02:45:25.228Z] > authorizing via signed-in user (marsaru22@gmail.com)
[error] Failed to fetch Firebase Project from Studio Workspace because WORKSPACE_SLUG environment variable is empty
[debug] [2026-01-23T02:45:25.230Z] > command requires scopes: ["email","openid","https://www.googleapis.com/auth/cloudplatformprojects.readonly","https://www.googleapis.com/auth/firebase","https://www.googleapis.com/auth/cloud-platform","https://www.googleapis.com/auth/userinfo.email"]
[debug] [2026-01-23T02:45:25.231Z] > authorizing via signed-in user (marsaru22@gmail.com)
[error] Failed to fetch Firebase Project from Studio Workspace because WORKSPACE_SLUG environment variable is empty
[error] Failed to fetch Firebase Project from Studio Workspace because WORKSPACE_SLUG environment variable is empty
[error] Failed to fetch Firebase Project from Studio Workspace because WORKSPACE_SLUG environment variable is empty
[error] Failed to fetch Firebase Project from Studio Workspace because WORKSPACE_SLUG environment variable is empty
[debug] [2026-01-23T03:26:16.730Z] > command requires scopes: ["email","openid","https://www.googleapis.com/auth/cloudplatformprojects.readonly","https://www.googleapis.com/auth/firebase","https://www.googleapis.com/auth/cloud-platform","https://www.googleapis.com/auth/userinfo.email"]
[debug] [2026-01-23T03:26:16.731Z] > authorizing via signed-in user (marsaru22@gmail.com)
[debug] [2026-01-23T03:26:16.794Z] > command requires scopes: ["email","openid","https://www.googleapis.com/auth/cloudplatformprojects.readonly","https://www.googleapis.com/auth/firebase","https://www.googleapis.com/auth/cloud-platform","https://www.googleapis.com/auth/userinfo.email"]
[debug] [2026-01-23T03:26:16.799Z] > authorizing via signed-in user (marsaru22@gmail.com)
[error] Failed to fetch Firebase Project from Studio Workspace because WORKSPACE_SLUG environment variable is empty
[error] Failed to fetch Firebase Project from Studio Workspace because WORKSPACE_SLUG environment variable is empty
[error] Failed to fetch Firebase Project from Studio Workspace because WORKSPACE_SLUG environment variable is empty
[debug] [2026-01-23T03:26:16.984Z] > command requires scopes: ["email","openid","https://www.googleapis.com/auth/cloudplatformprojects.readonly","https://www.googleapis.com/auth/firebase","https://www.googleapis.com/auth/cloud-platform","https://www.googleapis.com/auth/userinfo.email"]
[debug] [2026-01-23T03:26:16.985Z] > authorizing via signed-in user (marsaru22@gmail.com)
[error] Failed to fetch Firebase Project from Studio Workspace because WORKSPACE_SLUG environment variable is empty
[debug] [2026-01-23T03:26:16.988Z] > command requires scopes: ["email","openid","https://www.googleapis.com/auth/cloudplatformprojects.readonly","https://www.googleapis.com/auth/firebase","https://www.googleapis.com/auth/cloud-platform","https://www.googleapis.com/auth/userinfo.email"]
[debug] [2026-01-23T03:26:16.988Z] > authorizing via signed-in user (marsaru22@gmail.com)
[error] Failed to fetch Firebase Project from Studio Workspace because WORKSPACE_SLUG environment variable is empty
[error] Failed to fetch Firebase Project from Studio Workspace because WORKSPACE_SLUG environment variable is empty
[error] Failed to fetch Firebase Project from Studio Workspace because WORKSPACE_SLUG environment variable is empty
[debug] [2026-01-23T03:26:17.019Z] > command requires scopes: ["email","openid","https://www.googleapis.com/auth/cloudplatformprojects.readonly","https://www.googleapis.com/auth/firebase","https://www.googleapis.com/auth/cloud-platform","https://www.googleapis.com/auth/userinfo.email"]
[debug] [2026-01-23T03:26:17.021Z] > authorizing via signed-in user (marsaru22@gmail.com)
[error] Failed to fetch Firebase Project from Studio Workspace because WORKSPACE_SLUG environment variable is empty
[debug] [2026-01-23T03:26:17.023Z] > command requires scopes: ["email","openid","https://www.googleapis.com/auth/cloudplatformprojects.readonly","https://www.googleapis.com/auth/firebase","https://www.googleapis.com/auth/cloud-platform","https://www.googleapis.com/auth/userinfo.email"]
[debug] [2026-01-23T03:26:17.023Z] > authorizing via signed-in user (marsaru22@gmail.com)
[error] Failed to fetch Firebase Project from Studio Workspace because WORKSPACE_SLUG environment variable is empty
[error] Failed to fetch Firebase Project from Studio Workspace because WORKSPACE_SLUG environment variable is empty
[error] Failed to fetch Firebase Project from Studio Workspace because WORKSPACE_SLUG environment variable is empty
[debug] [2026-01-23T03:26:17.031Z] > command requires scopes: ["email","openid","https://www.googleapis.com/auth/cloudplatformprojects.readonly","https://www.googleapis.com/auth/firebase","https://www.googleapis.com/auth/cloud-platform","https://www.googleapis.com/auth/userinfo.email"]
[debug] [2026-01-23T03:26:17.032Z] > authorizing via signed-in user (marsaru22@gmail.com)
[error] Failed to fetch Firebase Project from Studio Workspace because WORKSPACE_SLUG environment variable is empty
[debug] [2026-01-23T03:26:17.033Z] > command requires scopes: ["email","openid","https://www.googleapis.com/auth/cloudplatformprojects.readonly","https://www.googleapis.com/auth/firebase","https://www.googleapis.com/auth/cloud-platform","https://www.googleapis.com/auth/userinfo.email"]
[debug] [2026-01-23T03:26:17.033Z] > authorizing via signed-in user (marsaru22@gmail.com)
[error] Failed to fetch Firebase Project from Studio Workspace because WORKSPACE_SLUG environment variable is empty
[error] Failed to fetch Firebase Project from Studio Workspace because WORKSPACE_SLUG environment variable is empty
[error] Failed to fetch Firebase Project from Studio Workspace because WORKSPACE_SLUG environment variable is empty
[error] Failed to fetch Firebase Project from Studio Workspace because WORKSPACE_SLUG environment variable is empty
[debug] [2026-01-23T04:29:11.936Z] > command requires scopes: ["email","openid","https://www.googleapis.com/auth/cloudplatformprojects.readonly","https://www.googleapis.com/auth/firebase","https://www.googleapis.com/auth/cloud-platform","https://www.googleapis.com/auth/userinfo.email"]
[debug] [2026-01-23T04:29:11.965Z] > command requires scopes: ["email","openid","https://www.googleapis.com/auth/cloudplatformprojects.readonly","https://www.googleapis.com/auth/firebase","https://www.googleapis.com/auth/cloud-platform","https://www.googleapis.com/auth/userinfo.email"]
[debug] [2026-01-23T04:29:44.896Z] Running auto auth
[debug] [2026-01-23T04:29:44.898Z] Running auto auth
[error] Failed to fetch Firebase Project from Studio Workspace because WORKSPACE_SLUG environment variable is empty
[error] Failed to fetch Firebase Project from Studio Workspace because WORKSPACE_SLUG environment variable is empty
[error] Failed to fetch Firebase Project from Studio Workspace because WORKSPACE_SLUG environment variable is empty
[debug] [2026-01-23T04:29:45.249Z] > command requires scopes: ["email","openid","https://www.googleapis.com/auth/cloudplatformprojects.readonly","https://www.googleapis.com/auth/firebase","https://www.googleapis.com/auth/cloud-platform","https://www.googleapis.com/auth/userinfo.email"]
[debug] [2026-01-23T04:29:45.249Z] > authorizing via signed-in user (marsaru22@gmail.com)
[error] Failed to fetch Firebase Project from Studio Workspace because WORKSPACE_SLUG environment variable is empty
[debug] [2026-01-23T04:29:45.256Z] > command requires scopes: ["email","openid","https://www.googleapis.com/auth/cloudplatformprojects.readonly","https://www.googleapis.com/auth/firebase","https://www.googleapis.com/auth/cloud-platform","https://www.googleapis.com/auth/userinfo.email"]
[debug] [2026-01-23T04:29:45.258Z] > authorizing via signed-in user (marsaru22@gmail.com)
[error] Failed to fetch Firebase Project from Studio Workspace because WORKSPACE_SLUG environment variable is empty
[error] Failed to fetch Firebase Project from Studio Workspace because WORKSPACE_SLUG environment variable is empty
[error] Failed to fetch Firebase Project from Studio Workspace because WORKSPACE_SLUG environment variable is empty
[debug] [2026-01-23T04:29:45.309Z] > command requires scopes: ["email","openid","https://www.googleapis.com/auth/cloudplatformprojects.readonly","https://www.googleapis.com/auth/firebase","https://www.googleapis.com/auth/cloud-platform","https://www.googleapis.com/auth/userinfo.email"]
[debug] [2026-01-23T04:29:45.310Z] > authorizing via signed-in user (marsaru22@gmail.com)
[error] Failed to fetch Firebase Project from Studio Workspace because WORKSPACE_SLUG environment variable is empty
[debug] [2026-01-23T04:29:45.313Z] > command requires scopes: ["email","openid","https://www.googleapis.com/auth/cloudplatformprojects.readonly","https://www.googleapis.com/auth/firebase","https://www.googleapis.com/auth/cloud-platform","https://www.googleapis.com/auth/userinfo.email"]
[debug] [2026-01-23T04:29:45.313Z] > authorizing via signed-in user (marsaru22@gmail.com)
[error] Failed to fetch Firebase Project from Studio Workspace because WORKSPACE_SLUG environment variable is empty
[error] Failed to fetch Firebase Project from Studio Workspace because WORKSPACE_SLUG environment variable is empty
[error] Failed to fetch Firebase Project from Studio Workspace because WORKSPACE_SLUG environment variable is empty
[debug] [2026-01-23T04:29:45.327Z] > command requires scopes: ["email","openid","https://www.googleapis.com/auth/cloudplatformprojects.readonly","https://www.googleapis.com/auth/firebase","https://www.googleapis.com/auth/cloud-platform","https://www.googleapis.com/auth/userinfo.email"]
[debug] [2026-01-23T04:29:45.333Z] > authorizing via signed-in user (marsaru22@gmail.com)
[error] Failed to fetch Firebase Project from Studio Workspace because WORKSPACE_SLUG environment variable is empty
[debug] [2026-01-23T04:29:45.338Z] > command requires scopes: ["email","openid","https://www.googleapis.com/auth/cloudplatformprojects.readonly","https://www.googleapis.com/auth/firebase","https://www.googleapis.com/auth/cloud-platform","https://www.googleapis.com/auth/userinfo.email"]
[debug] [2026-01-23T04:29:45.338Z] > authorizing via signed-in user (marsaru22@gmail.com)
[error] Failed to fetch Firebase Project from Studio Workspace because WORKSPACE_SLUG environment variable is empty
[error] Failed to fetch Firebase Project from Studio Workspace because WORKSPACE_SLUG environment variable is empty
[error] Failed to fetch Firebase Project from Studio Workspace because WORKSPACE_SLUG environment variable is empty
[error] Failed to fetch Firebase Project from Studio Workspace because WORKSPACE_SLUG environment variable is empty
[debug] [2026-01-23T04:50:15.041Z] > command requires scopes: ["email","openid","https://www.googleapis.com/auth/cloudplatformprojects.readonly","https://www.googleapis.com/auth/firebase","https://www.googleapis.com/auth/cloud-platform","https://www.googleapis.com/auth/userinfo.email"]
[debug] [2026-01-23T04:50:15.043Z] > authorizing via signed-in user (marsaru22@gmail.com)
[debug] [2026-01-23T04:50:15.084Z] > command requires scopes: ["email","openid","https://www.googleapis.com/auth/cloudplatformprojects.readonly","https://www.googleapis.com/auth/firebase","https://www.googleapis.com/auth/cloud-platform","https://www.googleapis.com/auth/userinfo.email"]
[debug] [2026-01-23T04:50:15.085Z] > authorizing via signed-in user (marsaru22@gmail.com)
[error] Failed to fetch Firebase Project from Studio Workspace because WORKSPACE_SLUG environment variable is empty
[error] Failed to fetch Firebase Project from Studio Workspace because WORKSPACE_SLUG environment variable is empty
[error] Failed to fetch Firebase Project from Studio Workspace because WORKSPACE_SLUG environment variable is empty
[debug] [2026-01-23T04:50:15.265Z] > command requires scopes: ["email","openid","https://www.googleapis.com/auth/cloudplatformprojects.readonly","https://www.googleapis.com/auth/firebase","https://www.googleapis.com/auth/cloud-platform","https://www.googleapis.com/auth/userinfo.email"]
[debug] [2026-01-23T04:50:15.266Z] > authorizing via signed-in user (marsaru22@gmail.com)
[error] Failed to fetch Firebase Project from Studio Workspace because WORKSPACE_SLUG environment variable is empty
[debug] [2026-01-23T04:50:15.275Z] > command requires scopes: ["email","openid","https://www.googleapis.com/auth/cloudplatformprojects.readonly","https://www.googleapis.com/auth/firebase","https://www.googleapis.com/auth/cloud-platform","https://www.googleapis.com/auth/userinfo.email"]
[debug] [2026-01-23T04:50:15.276Z] > authorizing via signed-in user (marsaru22@gmail.com)
[error] Failed to fetch Firebase Project from Studio Workspace because WORKSPACE_SLUG environment variable is empty
[error] Failed to fetch Firebase Project from Studio Workspace because WORKSPACE_SLUG environment variable is empty
[error] Failed to fetch Firebase Project from Studio Workspace because WORKSPACE_SLUG environment variable is empty
[debug] [2026-01-23T04:50:15.308Z] > command requires scopes: ["email","openid","https://www.googleapis.com/auth/cloudplatformprojects.readonly","https://www.googleapis.com/auth/firebase","https://www.googleapis.com/auth/cloud-platform","https://www.googleapis.com/auth/userinfo.email"]
[debug] [2026-01-23T04:50:15.309Z] > authorizing via signed-in user (marsaru22@gmail.com)
[error] Failed to fetch Firebase Project from Studio Workspace because WORKSPACE_SLUG environment variable is empty
[debug] [2026-01-23T04:50:15.311Z] > command requires scopes: ["email","openid","https://www.googleapis.com/auth/cloudplatformprojects.readonly","https://www.googleapis.com/auth/firebase","https://www.googleapis.com/auth/cloud-platform","https://www.googleapis.com/auth/userinfo.email"]
[debug] [2026-01-23T04:50:15.311Z] > authorizing via signed-in user (marsaru22@gmail.com)
[error] Failed to fetch Firebase Project from Studio Workspace because WORKSPACE_SLUG environment variable is empty
[error] Failed to fetch Firebase Project from Studio Workspace because WORKSPACE_SLUG environment variable is empty
[error] Failed to fetch Firebase Project from Studio Workspace because WORKSPACE_SLUG environment variable is empty
[debug] [2026-01-23T04:50:15.321Z] > command requires scopes: ["email","openid","https://www.googleapis.com/auth/cloudplatformprojects.readonly","https://www.googleapis.com/auth/firebase","https://www.googleapis.com/auth/cloud-platform","https://www.googleapis.com/auth/userinfo.email"]
[debug] [2026-01-23T04:50:15.321Z] > authorizing via signed-in user (marsaru22@gmail.com)
[error] Failed to fetch Firebase Project from Studio Workspace because WORKSPACE_SLUG environment variable is empty
[debug] [2026-01-23T04:50:15.323Z] > command requires scopes: ["email","openid","https://www.googleapis.com/auth/cloudplatformprojects.readonly","https://www.googleapis.com/auth/firebase","https://www.googleapis.com/auth/cloud-platform","https://www.googleapis.com/auth/userinfo.email"]
[debug] [2026-01-23T04:50:15.323Z] > authorizing via signed-in user (marsaru22@gmail.com)
[error] Failed to fetch Firebase Project from Studio Workspace because WORKSPACE_SLUG environment variable is empty
[error] Failed to fetch Firebase Project from Studio Workspace because WORKSPACE_SLUG environment variable is empty
[error] Failed to fetch Firebase Project from Studio Workspace because WORKSPACE_SLUG environment variable is empty
[error] Failed to fetch Firebase Project from Studio Workspace because WORKSPACE_SLUG environment variable is empty
[debug] [2026-01-23T12:35:38.922Z] > command requires scopes: ["email","openid","https://www.googleapis.com/auth/cloudplatformprojects.readonly","https://www.googleapis.com/auth/firebase","https://www.googleapis.com/auth/cloud-platform","https://www.googleapis.com/auth/userinfo.email"]
[debug] [2026-01-23T12:35:38.924Z] > command requires scopes: ["email","openid","https://www.googleapis.com/auth/cloudplatformprojects.readonly","https://www.googleapis.com/auth/firebase","https://www.googleapis.com/auth/cloud-platform","https://www.googleapis.com/auth/userinfo.email"]
[error] Failed to fetch Firebase Project from Studio Workspace because WORKSPACE_SLUG environment variable is empty
[error] Failed to fetch Firebase Project from Studio Workspace because WORKSPACE_SLUG environment variable is empty
[error] Failed to fetch Firebase Project from Studio Workspace because WORKSPACE_SLUG environment variable is empty
[error] Failed to fetch Firebase Project from Studio Workspace because WORKSPACE_SLUG environment variable is empty
[debug] [2026-01-23T12:36:38.916Z] > command requires scopes: ["email","openid","https://www.googleapis.com/auth/cloudplatformprojects.readonly","https://www.googleapis.com/auth/firebase","https://www.googleapis.com/auth/cloud-platform","https://www.googleapis.com/auth/userinfo.email"]
[debug] [2026-01-23T12:36:38.917Z] > command requires scopes: ["email","openid","https://www.googleapis.com/auth/cloudplatformprojects.readonly","https://www.googleapis.com/auth/firebase","https://www.googleapis.com/auth/cloud-platform","https://www.googleapis.com/auth/userinfo.email"]
[error] Failed to fetch Firebase Project from Studio Workspace because WORKSPACE_SLUG environment variable is empty
[error] Failed to fetch Firebase Project from Studio Workspace because WORKSPACE_SLUG environment variable is empty
[error] Failed to fetch Firebase Project from Studio Workspace because WORKSPACE_SLUG environment variable is empty
[debug] [2026-01-23T12:37:51.679Z] > command requires scopes: ["email","openid","https://www.googleapis.com/auth/cloudplatformprojects.readonly","https://www.googleapis.com/auth/firebase","https://www.googleapis.com/auth/cloud-platform","https://www.googleapis.com/auth/userinfo.email"]
[error] Failed to fetch Firebase Project from Studio Workspace because WORKSPACE_SLUG environment variable is empty
[error] Failed to fetch Firebase Project from Studio Workspace because WORKSPACE_SLUG environment variable is empty
[error] Failed to fetch Firebase Project from Studio Workspace because WORKSPACE_SLUG environment variable is empty
[debug] [2026-01-23T12:37:51.684Z] > command requires scopes: ["email","openid","https://www.googleapis.com/auth/cloudplatformprojects.readonly","https://www.googleapis.com/auth/firebase","https://www.googleapis.com/auth/cloud-platform","https://www.googleapis.com/auth/userinfo.email"]
[error] Failed to fetch Firebase Project from Studio Workspace because WORKSPACE_SLUG environment variable is empty
[error] Failed to fetch Firebase Project from Studio Workspace because WORKSPACE_SLUG environment variable is empty
[error] Failed to fetch Firebase Project from Studio Workspace because WORKSPACE_SLUG environment variable is empty
[debug] [2026-01-23T12:37:51.686Z] > command requires scopes: ["email","openid","https://www.googleapis.com/auth/cloudplatformprojects.readonly","https://www.googleapis.com/auth/firebase","https://www.googleapis.com/auth/cloud-platform","https://www.googleapis.com/auth/userinfo.email"]
[error] Failed to fetch Firebase Project from Studio Workspace because WORKSPACE_SLUG environment variable is empty
[error] Failed to fetch Firebase Project from Studio Workspace because WORKSPACE_SLUG environment variable is empty
[error] Failed to fetch Firebase Project from Studio Workspace because WORKSPACE_SLUG environment variable is empty
[debug] [2026-01-23T12:37:54.377Z] > command requires scopes: ["email","openid","https://www.googleapis.com/auth/cloudplatformprojects.readonly","https://www.googleapis.com/auth/firebase","https://www.googleapis.com/auth/cloud-platform","https://www.googleapis.com/auth/userinfo.email"]
[debug] [2026-01-23T12:37:54.381Z] > command requires scopes: ["email","openid","https://www.googleapis.com/auth/cloudplatformprojects.readonly","https://www.googleapis.com/auth/firebase","https://www.googleapis.com/auth/cloud-platform","https://www.googleapis.com/auth/userinfo.email"]
[debug] [2026-01-23T12:37:54.382Z] > command requires scopes: ["email","openid","https://www.googleapis.com/auth/cloudplatformprojects.readonly","https://www.googleapis.com/auth/firebase","https://www.googleapis.com/auth/cloud-platform","https://www.googleapis.com/auth/userinfo.email"]
[error] Failed to fetch Firebase Project from Studio Workspace because WORKSPACE_SLUG environment variable is empty
[error] Failed to fetch Firebase Project from Studio Workspace because WORKSPACE_SLUG environment variable is empty
[error] Failed to fetch Firebase Project from Studio Workspace because WORKSPACE_SLUG environment variable is empty
[error] Failed to fetch Firebase Project from Studio Workspace because WORKSPACE_SLUG environment variable is empty
[debug] [2026-01-23T12:42:43.192Z] > command requires scopes: ["email","openid","https://www.googleapis.com/auth/cloudplatformprojects.readonly","https://www.googleapis.com/auth/firebase","https://www.googleapis.com/auth/cloud-platform","https://www.googleapis.com/auth/userinfo.email"]
[debug] [2026-01-23T12:42:43.194Z] > command requires scopes: ["email","openid","https://www.googleapis.com/auth/cloudplatformprojects.readonly","https://www.googleapis.com/auth/firebase","https://www.googleapis.com/auth/cloud-platform","https://www.googleapis.com/auth/userinfo.email"]
[debug] [2026-01-23T12:43:28.414Z] Running auto auth
[debug] [2026-01-23T12:43:28.415Z] Running auto auth
[error] Failed to fetch Firebase Project from Studio Workspace because WORKSPACE_SLUG environment variable is empty
[error] Failed to fetch Firebase Project from Studio Workspace because WORKSPACE_SLUG environment variable is empty
[error] Failed to fetch Firebase Project from Studio Workspace because WORKSPACE_SLUG environment variable is empty
[debug] [2026-01-23T12:43:28.636Z] > command requires scopes: ["email","openid","https://www.googleapis.com/auth/cloudplatformprojects.readonly","https://www.googleapis.com/auth/firebase","https://www.googleapis.com/auth/cloud-platform","https://www.googleapis.com/auth/userinfo.email"]
[debug] [2026-01-23T12:43:28.639Z] > authorizing via signed-in user (marsaru22@gmail.com)
[error] Failed to fetch Firebase Project from Studio Workspace because WORKSPACE_SLUG environment variable is empty
[debug] [2026-01-23T12:43:28.645Z] > command requires scopes: ["email","openid","https://www.googleapis.com/auth/cloudplatformprojects.readonly","https://www.googleapis.com/auth/firebase","https://www.googleapis.com/auth/cloud-platform","https://www.googleapis.com/auth/userinfo.email"]
[debug] [2026-01-23T12:43:28.646Z] > authorizing via signed-in user (marsaru22@gmail.com)
[error] Failed to fetch Firebase Project from Studio Workspace because WORKSPACE_SLUG environment variable is empty
[error] Failed to fetch Firebase Project from Studio Workspace because WORKSPACE_SLUG environment variable is empty
[error] Failed to fetch Firebase Project from Studio Workspace because WORKSPACE_SLUG environment variable is empty
[debug] [2026-01-23T12:43:28.673Z] > command requires scopes: ["email","openid","https://www.googleapis.com/auth/cloudplatformprojects.readonly","https://www.googleapis.com/auth/firebase","https://www.googleapis.com/auth/cloud-platform","https://www.googleapis.com/auth/userinfo.email"]
[debug] [2026-01-23T12:43:28.673Z] > authorizing via signed-in user (marsaru22@gmail.com)
[error] Failed to fetch Firebase Project from Studio Workspace because WORKSPACE_SLUG environment variable is empty
[debug] [2026-01-23T12:43:28.677Z] > command requires scopes: ["email","openid","https://www.googleapis.com/auth/cloudplatformprojects.readonly","https://www.googleapis.com/auth/firebase","https://www.googleapis.com/auth/cloud-platform","https://www.googleapis.com/auth/userinfo.email"]
[debug] [2026-01-23T12:43:28.677Z] > authorizing via signed-in user (marsaru22@gmail.com)
[error] Failed to fetch Firebase Project from Studio Workspace because WORKSPACE_SLUG environment variable is empty
[error] Failed to fetch Firebase Project from Studio Workspace because WORKSPACE_SLUG environment variable is empty
[error] Failed to fetch Firebase Project from Studio Workspace because WORKSPACE_SLUG environment variable is empty
[debug] [2026-01-23T12:43:28.688Z] > command requires scopes: ["email","openid","https://www.googleapis.com/auth/cloudplatformprojects.readonly","https://www.googleapis.com/auth/firebase","https://www.googleapis.com/auth/cloud-platform","https://www.googleapis.com/auth/userinfo.email"]
[debug] [2026-01-23T12:43:28.688Z] > authorizing via signed-in user (marsaru22@gmail.com)
[error] Failed to fetch Firebase Project from Studio Workspace because WORKSPACE_SLUG environment variable is empty
[debug] [2026-01-23T12:43:28.689Z] > command requires scopes: ["email","openid","https://www.googleapis.com/auth/cloudplatformprojects.readonly","https://www.googleapis.com/auth/firebase","https://www.googleapis.com/auth/cloud-platform","https://www.googleapis.com/auth/userinfo.email"]
[debug] [2026-01-23T12:43:28.690Z] > authorizing via signed-in user (marsaru22@gmail.com)
[error] Failed to fetch Firebase Project from Studio Workspace because WORKSPACE_SLUG environment variable is empty
[error] Failed to fetch Firebase Project from Studio Workspace because WORKSPACE_SLUG environment variable is empty
[error] Failed to fetch Firebase Project from Studio Workspace because WORKSPACE_SLUG environment variable is empty
[error] Failed to fetch Firebase Project from Studio Workspace because WORKSPACE_SLUG environment variable is empty
[debug] [2026-01-23T12:50:00.975Z] > command requires scopes: ["email","openid","https://www.googleapis.com/auth/cloudplatformprojects.readonly","https://www.googleapis.com/auth/firebase","https://www.googleapis.com/auth/cloud-platform","https://www.googleapis.com/auth/userinfo.email"]
[debug] [2026-01-23T12:50:00.975Z] > authorizing via signed-in user (marsaru22@gmail.com)
[debug] [2026-01-23T12:50:00.997Z] > command requires scopes: ["email","openid","https://www.googleapis.com/auth/cloudplatformprojects.readonly","https://www.googleapis.com/auth/firebase","https://www.googleapis.com/auth/cloud-platform","https://www.googleapis.com/auth/userinfo.email"]
[debug] [2026-01-23T12:50:00.998Z] > authorizing via signed-in user (marsaru22@gmail.com)
[error] Failed to fetch Firebase Project from Studio Workspace because WORKSPACE_SLUG environment variable is empty
[error] Failed to fetch Firebase Project from Studio Workspace because WORKSPACE_SLUG environment variable is empty
[error] Failed to fetch Firebase Project from Studio Workspace because WORKSPACE_SLUG environment variable is empty
[debug] [2026-01-23T12:50:01.133Z] > command requires scopes: ["email","openid","https://www.googleapis.com/auth/cloudplatformprojects.readonly","https://www.googleapis.com/auth/firebase","https://www.googleapis.com/auth/cloud-platform","https://www.googleapis.com/auth/userinfo.email"]
[debug] [2026-01-23T12:50:01.133Z] > authorizing via signed-in user (marsaru22@gmail.com)
[error] Failed to fetch Firebase Project from Studio Workspace because WORKSPACE_SLUG environment variable is empty
[debug] [2026-01-23T12:50:01.135Z] > command requires scopes: ["email","openid","https://www.googleapis.com/auth/cloudplatformprojects.readonly","https://www.googleapis.com/auth/firebase","https://www.googleapis.com/auth/cloud-platform","https://www.googleapis.com/auth/userinfo.email"]
[debug] [2026-01-23T12:50:01.136Z] > authorizing via signed-in user (marsaru22@gmail.com)
[error] Failed to fetch Firebase Project from Studio Workspace because WORKSPACE_SLUG environment variable is empty
[error] Failed to fetch Firebase Project from Studio Workspace because WORKSPACE_SLUG environment variable is empty
[error] Failed to fetch Firebase Project from Studio Workspace because WORKSPACE_SLUG environment variable is empty
[debug] [2026-01-23T12:50:01.170Z] > command requires scopes: ["email","openid","https://www.googleapis.com/auth/cloudplatformprojects.readonly","https://www.googleapis.com/auth/firebase","https://www.googleapis.com/auth/cloud-platform","https://www.googleapis.com/auth/userinfo.email"]
[debug] [2026-01-23T12:50:01.171Z] > authorizing via signed-in user (marsaru22@gmail.com)
[error] Failed to fetch Firebase Project from Studio Workspace because WORKSPACE_SLUG environment variable is empty
[debug] [2026-01-23T12:50:01.173Z] > command requires scopes: ["email","openid","https://www.googleapis.com/auth/cloudplatformprojects.readonly","https://www.googleapis.com/auth/firebase","https://www.googleapis.com/auth/cloud-platform","https://www.googleapis.com/auth/userinfo.email"]
[debug] [2026-01-23T12:50:01.174Z] > authorizing via signed-in user (marsaru22@gmail.com)
[error] Failed to fetch Firebase Project from Studio Workspace because WORKSPACE_SLUG environment variable is empty
[error] Failed to fetch Firebase Project from Studio Workspace because WORKSPACE_SLUG environment variable is empty
[error] Failed to fetch Firebase Project from Studio Workspace because WORKSPACE_SLUG environment variable is empty
[debug] [2026-01-23T12:50:01.182Z] > command requires scopes: ["email","openid","https://www.googleapis.com/auth/cloudplatformprojects.readonly","https://www.googleapis.com/auth/firebase","https://www.googleapis.com/auth/cloud-platform","https://www.googleapis.com/auth/userinfo.email"]
[debug] [2026-01-23T12:50:01.183Z] > authorizing via signed-in user (marsaru22@gmail.com)
[error] Failed to fetch Firebase Project from Studio Workspace because WORKSPACE_SLUG environment variable is empty
[debug] [2026-01-23T12:50:01.184Z] > command requires scopes: ["email","openid","https://www.googleapis.com/auth/cloudplatformprojects.readonly","https://www.googleapis.com/auth/firebase","https://www.googleapis.com/auth/cloud-platform","https://www.googleapis.com/auth/userinfo.email"]
[debug] [2026-01-23T12:50:01.184Z] > authorizing via signed-in user (marsaru22@gmail.com)
[error] Failed to fetch Firebase Project from Studio Workspace because WORKSPACE_SLUG environment variable is empty
[error] Failed to fetch Firebase Project from Studio Workspace because WORKSPACE_SLUG environment variable is empty
[error] Failed to fetch Firebase Project from Studio Workspace because WORKSPACE_SLUG environment variable is empty
[error] Failed to fetch Firebase Project from Studio Workspace because WORKSPACE_SLUG environment variable is empty
[debug] [2026-01-23T13:17:03.201Z] > command requires scopes: ["email","openid","https://www.googleapis.com/auth/cloudplatformprojects.readonly","https://www.googleapis.com/auth/firebase","https://www.googleapis.com/auth/cloud-platform","https://www.googleapis.com/auth/userinfo.email"]
[debug] [2026-01-23T13:17:03.201Z] > authorizing via signed-in user (marsaru22@gmail.com)
[debug] [2026-01-23T13:17:03.241Z] > command requires scopes: ["email","openid","https://www.googleapis.com/auth/cloudplatformprojects.readonly","https://www.googleapis.com/auth/firebase","https://www.googleapis.com/auth/cloud-platform","https://www.googleapis.com/auth/userinfo.email"]
[debug] [2026-01-23T13:17:03.241Z] > authorizing via signed-in user (marsaru22@gmail.com)
[error] Failed to fetch Firebase Project from Studio Workspace because WORKSPACE_SLUG environment variable is empty
[error] Failed to fetch Firebase Project from Studio Workspace because WORKSPACE_SLUG environment variable is empty
[error] Failed to fetch Firebase Project from Studio Workspace because WORKSPACE_SLUG environment variable is empty
[debug] [2026-01-23T13:17:03.409Z] > command requires scopes: ["email","openid","https://www.googleapis.com/auth/cloudplatformprojects.readonly","https://www.googleapis.com/auth/firebase","https://www.googleapis.com/auth/cloud-platform","https://www.googleapis.com/auth/userinfo.email"]
[debug] [2026-01-23T13:17:03.410Z] > authorizing via signed-in user (marsaru22@gmail.com)
[error] Failed to fetch Firebase Project from Studio Workspace because WORKSPACE_SLUG environment variable is empty
[debug] [2026-01-23T13:17:03.414Z] > command requires scopes: ["email","openid","https://www.googleapis.com/auth/cloudplatformprojects.readonly","https://www.googleapis.com/auth/firebase","https://www.googleapis.com/auth/cloud-platform","https://www.googleapis.com/auth/userinfo.email"]
[debug] [2026-01-23T13:17:03.414Z] > authorizing via signed-in user (marsaru22@gmail.com)
[error] Failed to fetch Firebase Project from Studio Workspace because WORKSPACE_SLUG environment variable is empty
[error] Failed to fetch Firebase Project from Studio Workspace because WORKSPACE_SLUG environment variable is empty
[error] Failed to fetch Firebase Project from Studio Workspace because WORKSPACE_SLUG environment variable is empty
[debug] [2026-01-23T13:17:03.440Z] > command requires scopes: ["email","openid","https://www.googleapis.com/auth/cloudplatformprojects.readonly","https://www.googleapis.com/auth/firebase","https://www.googleapis.com/auth/cloud-platform","https://www.googleapis.com/auth/userinfo.email"]
[debug] [2026-01-23T13:17:03.440Z] > authorizing via signed-in user (marsaru22@gmail.com)
[error] Failed to fetch Firebase Project from Studio Workspace because WORKSPACE_SLUG environment variable is empty
[debug] [2026-01-23T13:17:03.442Z] > command requires scopes: ["email","openid","https://www.googleapis.com/auth/cloudplatformprojects.readonly","https://www.googleapis.com/auth/firebase","https://www.googleapis.com/auth/cloud-platform","https://www.googleapis.com/auth/userinfo.email"]
[debug] [2026-01-23T13:17:03.442Z] > authorizing via signed-in user (marsaru22@gmail.com)
[error] Failed to fetch Firebase Project from Studio Workspace because WORKSPACE_SLUG environment variable is empty
[error] Failed to fetch Firebase Project from Studio Workspace because WORKSPACE_SLUG environment variable is empty
[error] Failed to fetch Firebase Project from Studio Workspace because WORKSPACE_SLUG environment variable is empty
[debug] [2026-01-23T13:17:03.461Z] > command requires scopes: ["email","openid","https://www.googleapis.com/auth/cloudplatformprojects.readonly","https://www.googleapis.com/auth/firebase","https://www.googleapis.com/auth/cloud-platform","https://www.googleapis.com/auth/userinfo.email"]
[debug] [2026-01-23T13:17:03.462Z] > authorizing via signed-in user (marsaru22@gmail.com)
[error] Failed to fetch Firebase Project from Studio Workspace because WORKSPACE_SLUG environment variable is empty
[debug] [2026-01-23T13:17:03.465Z] > command requires scopes: ["email","openid","https://www.googleapis.com/auth/cloudplatformprojects.readonly","https://www.googleapis.com/auth/firebase","https://www.googleapis.com/auth/cloud-platform","https://www.googleapis.com/auth/userinfo.email"]
[debug] [2026-01-23T13:17:03.465Z] > authorizing via signed-in user (marsaru22@gmail.com)
[error] Failed to fetch Firebase Project from Studio Workspace because WORKSPACE_SLUG environment variable is empty
[error] Failed to fetch Firebase Project from Studio Workspace because WORKSPACE_SLUG environment variable is empty
[error] Failed to fetch Firebase Project from Studio Workspace because WORKSPACE_SLUG environment variable is empty
[error] Failed to fetch Firebase Project from Studio Workspace because WORKSPACE_SLUG environment variable is empty
[debug] [2026-01-23T13:27:19.637Z] > command requires scopes: ["email","openid","https://www.googleapis.com/auth/cloudplatformprojects.readonly","https://www.googleapis.com/auth/firebase","https://www.googleapis.com/auth/cloud-platform","https://www.googleapis.com/auth/userinfo.email"]
[debug] [2026-01-23T13:27:19.638Z] > authorizing via signed-in user (marsaru22@gmail.com)
[debug] [2026-01-23T13:27:19.671Z] > command requires scopes: ["email","openid","https://www.googleapis.com/auth/cloudplatformprojects.readonly","https://www.googleapis.com/auth/firebase","https://www.googleapis.com/auth/cloud-platform","https://www.googleapis.com/auth/userinfo.email"]
[debug] [2026-01-23T13:27:19.672Z] > authorizing via signed-in user (marsaru22@gmail.com)
[error] Failed to fetch Firebase Project from Studio Workspace because WORKSPACE_SLUG environment variable is empty
[error] Failed to fetch Firebase Project from Studio Workspace because WORKSPACE_SLUG environment variable is empty
[error] Failed to fetch Firebase Project from Studio Workspace because WORKSPACE_SLUG environment variable is empty
[debug] [2026-01-23T13:27:19.793Z] > command requires scopes: ["email","openid","https://www.googleapis.com/auth/cloudplatformprojects.readonly","https://www.googleapis.com/auth/firebase","https://www.googleapis.com/auth/cloud-platform","https://www.googleapis.com/auth/userinfo.email"]
[debug] [2026-01-23T13:27:19.794Z] > authorizing via signed-in user (marsaru22@gmail.com)
[error] Failed to fetch Firebase Project from Studio Workspace because WORKSPACE_SLUG environment variable is empty
[debug] [2026-01-23T13:27:19.797Z] > command requires scopes: ["email","openid","https://www.googleapis.com/auth/cloudplatformprojects.readonly","https://www.googleapis.com/auth/firebase","https://www.googleapis.com/auth/cloud-platform","https://www.googleapis.com/auth/userinfo.email"]
[debug] [2026-01-23T13:27:19.798Z] > authorizing via signed-in user (marsaru22@gmail.com)
[error] Failed to fetch Firebase Project from Studio Workspace because WORKSPACE_SLUG environment variable is empty
[error] Failed to fetch Firebase Project from Studio Workspace because WORKSPACE_SLUG environment variable is empty
[error] Failed to fetch Firebase Project from Studio Workspace because WORKSPACE_SLUG environment variable is empty
[debug] [2026-01-23T13:27:19.839Z] > command requires scopes: ["email","openid","https://www.googleapis.com/auth/cloudplatformprojects.readonly","https://www.googleapis.com/auth/firebase","https://www.googleapis.com/auth/cloud-platform","https://www.googleapis.com/auth/userinfo.email"]
[debug] [2026-01-23T13:27:19.840Z] > authorizing via signed-in user (marsaru22@gmail.com)
[error] Failed to fetch Firebase Project from Studio Workspace because WORKSPACE_SLUG environment variable is empty
[debug] [2026-01-23T13:27:19.844Z] > command requires scopes: ["email","openid","https://www.googleapis.com/auth/cloudplatformprojects.readonly","https://www.googleapis.com/auth/firebase","https://www.googleapis.com/auth/cloud-platform","https://www.googleapis.com/auth/userinfo.email"]
[debug] [2026-01-23T13:27:19.846Z] > authorizing via signed-in user (marsaru22@gmail.com)
[error] Failed to fetch Firebase Project from Studio Workspace because WORKSPACE_SLUG environment variable is empty
[error] Failed to fetch Firebase Project from Studio Workspace because WORKSPACE_SLUG environment variable is empty
[error] Failed to fetch Firebase Project from Studio Workspace because WORKSPACE_SLUG environment variable is empty
[debug] [2026-01-23T13:27:19.858Z] > command requires scopes: ["email","openid","https://www.googleapis.com/auth/cloudplatformprojects.readonly","https://www.googleapis.com/auth/firebase","https://www.googleapis.com/auth/cloud-platform","https://www.googleapis.com/auth/userinfo.email"]
[debug] [2026-01-23T13:27:19.858Z] > authorizing via signed-in user (marsaru22@gmail.com)
[error] Failed to fetch Firebase Project from Studio Workspace because WORKSPACE_SLUG environment variable is empty
[debug] [2026-01-23T13:27:19.861Z] > command requires scopes: ["email","openid","https://www.googleapis.com/auth/cloudplatformprojects.readonly","https://www.googleapis.com/auth/firebase","https://www.googleapis.com/auth/cloud-platform","https://www.googleapis.com/auth/userinfo.email"]
[debug] [2026-01-23T13:27:19.862Z] > authorizing via signed-in user (marsaru22@gmail.com)
[error] Failed to fetch Firebase Project from Studio Workspace because WORKSPACE_SLUG environment variable is empty
[error] Failed to fetch Firebase Project from Studio Workspace because WORKSPACE_SLUG environment variable is empty
[error] Failed to fetch Firebase Project from Studio Workspace because WORKSPACE_SLUG environment variable is empty
[error] Failed to fetch Firebase Project from Studio Workspace because WORKSPACE_SLUG environment variable is empty
[debug] [2026-01-23T13:28:27.554Z] > command requires scopes: ["email","openid","https://www.googleapis.com/auth/cloudplatformprojects.readonly","https://www.googleapis.com/auth/firebase","https://www.googleapis.com/auth/cloud-platform","https://www.googleapis.com/auth/userinfo.email"]
[debug] [2026-01-23T13:28:27.555Z] > authorizing via signed-in user (marsaru22@gmail.com)
[debug] [2026-01-23T13:28:27.577Z] > command requires scopes: ["email","openid","https://www.googleapis.com/auth/cloudplatformprojects.readonly","https://www.googleapis.com/auth/firebase","https://www.googleapis.com/auth/cloud-platform","https://www.googleapis.com/auth/userinfo.email"]
[debug] [2026-01-23T13:28:27.578Z] > authorizing via signed-in user (marsaru22@gmail.com)
[error] Failed to fetch Firebase Project from Studio Workspace because WORKSPACE_SLUG environment variable is empty
[error] Failed to fetch Firebase Project from Studio Workspace because WORKSPACE_SLUG environment variable is empty
[error] Failed to fetch Firebase Project from Studio Workspace because WORKSPACE_SLUG environment variable is empty
[debug] [2026-01-23T13:28:27.730Z] > command requires scopes: ["email","openid","https://www.googleapis.com/auth/cloudplatformprojects.readonly","https://www.googleapis.com/auth/firebase","https://www.googleapis.com/auth/cloud-platform","https://www.googleapis.com/auth/userinfo.email"]
[debug] [2026-01-23T13:28:27.731Z] > authorizing via signed-in user (marsaru22@gmail.com)
[error] Failed to fetch Firebase Project from Studio Workspace because WORKSPACE_SLUG environment variable is empty
[debug] [2026-01-23T13:28:27.733Z] > command requires scopes: ["email","openid","https://www.googleapis.com/auth/cloudplatformprojects.readonly","https://www.googleapis.com/auth/firebase","https://www.googleapis.com/auth/cloud-platform","https://www.googleapis.com/auth/userinfo.email"]
[debug] [2026-01-23T13:28:27.733Z] > authorizing via signed-in user (marsaru22@gmail.com)
[error] Failed to fetch Firebase Project from Studio Workspace because WORKSPACE_SLUG environment variable is empty
[error] Failed to fetch Firebase Project from Studio Workspace because WORKSPACE_SLUG environment variable is empty
[error] Failed to fetch Firebase Project from Studio Workspace because WORKSPACE_SLUG environment variable is empty
[debug] [2026-01-23T13:28:27.756Z] > command requires scopes: ["email","openid","https://www.googleapis.com/auth/cloudplatformprojects.readonly","https://www.googleapis.com/auth/firebase","https://www.googleapis.com/auth/cloud-platform","https://www.googleapis.com/auth/userinfo.email"]
[debug] [2026-01-23T13:28:27.756Z] > authorizing via signed-in user (marsaru22@gmail.com)
[error] Failed to fetch Firebase Project from Studio Workspace because WORKSPACE_SLUG environment variable is empty
[debug] [2026-01-23T13:28:27.762Z] > command requires scopes: ["email","openid","https://www.googleapis.com/auth/cloudplatformprojects.readonly","https://www.googleapis.com/auth/firebase","https://www.googleapis.com/auth/cloud-platform","https://www.googleapis.com/auth/userinfo.email"]
[debug] [2026-01-23T13:28:27.763Z] > authorizing via signed-in user (marsaru22@gmail.com)
[error] Failed to fetch Firebase Project from Studio Workspace because WORKSPACE_SLUG environment variable is empty
[error] Failed to fetch Firebase Project from Studio Workspace because WORKSPACE_SLUG environment variable is empty
[error] Failed to fetch Firebase Project from Studio Workspace because WORKSPACE_SLUG environment variable is empty
[debug] [2026-01-23T13:28:27.777Z] > command requires scopes: ["email","openid","https://www.googleapis.com/auth/cloudplatformprojects.readonly","https://www.googleapis.com/auth/firebase","https://www.googleapis.com/auth/cloud-platform","https://www.googleapis.com/auth/userinfo.email"]
[debug] [2026-01-23T13:28:27.777Z] > authorizing via signed-in user (marsaru22@gmail.com)
[error] Failed to fetch Firebase Project from Studio Workspace because WORKSPACE_SLUG environment variable is empty
[debug] [2026-01-23T13:28:27.778Z] > command requires scopes: ["email","openid","https://www.googleapis.com/auth/cloudplatformprojects.readonly","https://www.googleapis.com/auth/firebase","https://www.googleapis.com/auth/cloud-platform","https://www.googleapis.com/auth/userinfo.email"]
[debug] [2026-01-23T13:28:27.778Z] > authorizing via signed-in user (marsaru22@gmail.com)
[error] Failed to fetch Firebase Project from Studio Workspace because WORKSPACE_SLUG environment variable is empty
[error] Failed to fetch Firebase Project from Studio Workspace because WORKSPACE_SLUG environment variable is empty
[error] Failed to fetch Firebase Project from Studio Workspace because WORKSPACE_SLUG environment variable is empty
[error] Failed to fetch Firebase Project from Studio Workspace because WORKSPACE_SLUG environment variable is empty
[debug] [2026-01-23T13:31:55.297Z] > command requires scopes: ["email","openid","https://www.googleapis.com/auth/cloudplatformprojects.readonly","https://www.googleapis.com/auth/firebase","https://www.googleapis.com/auth/cloud-platform","https://www.googleapis.com/auth/userinfo.email"]
[debug] [2026-01-23T13:31:55.298Z] > authorizing via signed-in user (marsaru22@gmail.com)
[debug] [2026-01-23T13:31:55.329Z] > command requires scopes: ["email","openid","https://www.googleapis.com/auth/cloudplatformprojects.readonly","https://www.googleapis.com/auth/firebase","https://www.googleapis.com/auth/cloud-platform","https://www.googleapis.com/auth/userinfo.email"]
[debug] [2026-01-23T13:31:55.331Z] > authorizing via signed-in user (marsaru22@gmail.com)
[error] Failed to fetch Firebase Project from Studio Workspace because WORKSPACE_SLUG environment variable is empty
[error] Failed to fetch Firebase Project from Studio Workspace because WORKSPACE_SLUG environment variable is empty
[error] Failed to fetch Firebase Project from Studio Workspace because WORKSPACE_SLUG environment variable is empty
[debug] [2026-01-23T13:31:55.450Z] > command requires scopes: ["email","openid","https://www.googleapis.com/auth/cloudplatformprojects.readonly","https://www.googleapis.com/auth/firebase","https://www.googleapis.com/auth/cloud-platform","https://www.googleapis.com/auth/userinfo.email"]
[debug] [2026-01-23T13:31:55.450Z] > authorizing via signed-in user (marsaru22@gmail.com)
[error] Failed to fetch Firebase Project from Studio Workspace because WORKSPACE_SLUG environment variable is empty
[debug] [2026-01-23T13:31:55.452Z] > command requires scopes: ["email","openid","https://www.googleapis.com/auth/cloudplatformprojects.readonly","https://www.googleapis.com/auth/firebase","https://www.googleapis.com/auth/cloud-platform","https://www.googleapis.com/auth/userinfo.email"]
[debug] [2026-01-23T13:31:55.452Z] > authorizing via signed-in user (marsaru22@gmail.com)
[error] Failed to fetch Firebase Project from Studio Workspace because WORKSPACE_SLUG environment variable is empty
[error] Failed to fetch Firebase Project from Studio Workspace because WORKSPACE_SLUG environment variable is empty
[error] Failed to fetch Firebase Project from Studio Workspace because WORKSPACE_SLUG environment variable is empty
[debug] [2026-01-23T13:31:55.482Z] > command requires scopes: ["email","openid","https://www.googleapis.com/auth/cloudplatformprojects.readonly","https://www.googleapis.com/auth/firebase","https://www.googleapis.com/auth/cloud-platform","https://www.googleapis.com/auth/userinfo.email"]
[debug] [2026-01-23T13:31:55.482Z] > authorizing via signed-in user (marsaru22@gmail.com)
[error] Failed to fetch Firebase Project from Studio Workspace because WORKSPACE_SLUG environment variable is empty
[debug] [2026-01-23T13:31:55.486Z] > command requires scopes: ["email","openid","https://www.googleapis.com/auth/cloudplatformprojects.readonly","https://www.googleapis.com/auth/firebase","https://www.googleapis.com/auth/cloud-platform","https://www.googleapis.com/auth/userinfo.email"]
[debug] [2026-01-23T13:31:55.486Z] > authorizing via signed-in user (marsaru22@gmail.com)
[error] Failed to fetch Firebase Project from Studio Workspace because WORKSPACE_SLUG environment variable is empty
[error] Failed to fetch Firebase Project from Studio Workspace because WORKSPACE_SLUG environment variable is empty
[error] Failed to fetch Firebase Project from Studio Workspace because WORKSPACE_SLUG environment variable is empty
[debug] [2026-01-23T13:31:55.491Z] > command requires scopes: ["email","openid","https://www.googleapis.com/auth/cloudplatformprojects.readonly","https://www.googleapis.com/auth/firebase","https://www.googleapis.com/auth/cloud-platform","https://www.googleapis.com/auth/userinfo.email"]
[debug] [2026-01-23T13:31:55.491Z] > authorizing via signed-in user (marsaru22@gmail.com)
[error] Failed to fetch Firebase Project from Studio Workspace because WORKSPACE_SLUG environment variable is empty
[debug] [2026-01-23T13:31:55.492Z] > command requires scopes: ["email","openid","https://www.googleapis.com/auth/cloudplatformprojects.readonly","https://www.googleapis.com/auth/firebase","https://www.googleapis.com/auth/cloud-platform","https://www.googleapis.com/auth/userinfo.email"]
[debug] [2026-01-23T13:31:55.492Z] > authorizing via signed-in user (marsaru22@gmail.com)
[error] Failed to fetch Firebase Project from Studio Workspace because WORKSPACE_SLUG environment variable is empty
[error] Failed to fetch Firebase Project from Studio Workspace because WORKSPACE_SLUG environment variable is empty
[error] Failed to fetch Firebase Project from Studio Workspace because WORKSPACE_SLUG environment variable is empty
[error] Failed to fetch Firebase Project from Studio Workspace because WORKSPACE_SLUG environment variable is empty
[debug] [2026-01-23T13:43:44.195Z] > command requires scopes: ["email","openid","https://www.googleapis.com/auth/cloudplatformprojects.readonly","https://www.googleapis.com/auth/firebase","https://www.googleapis.com/auth/cloud-platform","https://www.googleapis.com/auth/userinfo.email"]
[debug] [2026-01-23T13:43:44.220Z] > command requires scopes: ["email","openid","https://www.googleapis.com/auth/cloudplatformprojects.readonly","https://www.googleapis.com/auth/firebase","https://www.googleapis.com/auth/cloud-platform","https://www.googleapis.com/auth/userinfo.email"]
[debug] [2026-01-23T13:44:07.278Z] Running auto auth
[debug] [2026-01-23T13:44:07.280Z] Running auto auth
[error] Failed to fetch Firebase Project from Studio Workspace because WORKSPACE_SLUG environment variable is empty
[error] Failed to fetch Firebase Project from Studio Workspace because WORKSPACE_SLUG environment variable is empty
[error] Failed to fetch Firebase Project from Studio Workspace because WORKSPACE_SLUG environment variable is empty
[debug] [2026-01-23T13:44:07.774Z] > command requires scopes: ["email","openid","https://www.googleapis.com/auth/cloudplatformprojects.readonly","https://www.googleapis.com/auth/firebase","https://www.googleapis.com/auth/cloud-platform","https://www.googleapis.com/auth/userinfo.email"]
[debug] [2026-01-23T13:44:07.775Z] > authorizing via signed-in user (marsaru22@gmail.com)
[error] Failed to fetch Firebase Project from Studio Workspace because WORKSPACE_SLUG environment variable is empty
[debug] [2026-01-23T13:44:07.778Z] > command requires scopes: ["email","openid","https://www.googleapis.com/auth/cloudplatformprojects.readonly","https://www.googleapis.com/auth/firebase","https://www.googleapis.com/auth/cloud-platform","https://www.googleapis.com/auth/userinfo.email"]
[debug] [2026-01-23T13:44:07.778Z] > authorizing via signed-in user (marsaru22@gmail.com)
[error] Failed to fetch Firebase Project from Studio Workspace because WORKSPACE_SLUG environment variable is empty
[error] Failed to fetch Firebase Project from Studio Workspace because WORKSPACE_SLUG environment variable is empty
[error] Failed to fetch Firebase Project from Studio Workspace because WORKSPACE_SLUG environment variable is empty
[error] Failed to fetch Firebase Project from Studio Workspace because WORKSPACE_SLUG environment variable is empty
[error] Failed to fetch Firebase Project from Studio Workspace because WORKSPACE_SLUG environment variable is empty
[error] Failed to fetch Firebase Project from Studio Workspace because WORKSPACE_SLUG environment variable is empty
[debug] [2026-01-23T13:44:07.847Z] > command requires scopes: ["email","openid","https://www.googleapis.com/auth/cloudplatformprojects.readonly","https://www.googleapis.com/auth/firebase","https://www.googleapis.com/auth/cloud-platform","https://www.googleapis.com/auth/userinfo.email"]
[debug] [2026-01-23T13:44:07.848Z] > authorizing via signed-in user (marsaru22@gmail.com)
[debug] [2026-01-23T13:44:07.848Z] > command requires scopes: ["email","openid","https://www.googleapis.com/auth/cloudplatformprojects.readonly","https://www.googleapis.com/auth/firebase","https://www.googleapis.com/auth/cloud-platform","https://www.googleapis.com/auth/userinfo.email"]
[debug] [2026-01-23T13:44:07.848Z] > authorizing via signed-in user (marsaru22@gmail.com)
[error] Failed to fetch Firebase Project from Studio Workspace because WORKSPACE_SLUG environment variable is empty
[error] Failed to fetch Firebase Project from Studio Workspace because WORKSPACE_SLUG environment variable is empty
[debug] [2026-01-23T13:44:07.851Z] > command requires scopes: ["email","openid","https://www.googleapis.com/auth/cloudplatformprojects.readonly","https://www.googleapis.com/auth/firebase","https://www.googleapis.com/auth/cloud-platform","https://www.googleapis.com/auth/userinfo.email"]
[debug] [2026-01-23T13:44:07.851Z] > authorizing via signed-in user (marsaru22@gmail.com)
[debug] [2026-01-23T13:44:07.851Z] > command requires scopes: ["email","openid","https://www.googleapis.com/auth/cloudplatformprojects.readonly","https://www.googleapis.com/auth/firebase","https://www.googleapis.com/auth/cloud-platform","https://www.googleapis.com/auth/userinfo.email"]
[debug] [2026-01-23T13:44:07.852Z] > authorizing via signed-in user (marsaru22@gmail.com)
[error] Failed to fetch Firebase Project from Studio Workspace because WORKSPACE_SLUG environment variable is empty
[error] Failed to fetch Firebase Project from Studio Workspace because WORKSPACE_SLUG environment variable is empty
[error] Failed to fetch Firebase Project from Studio Workspace because WORKSPACE_SLUG environment variable is empty
[error] Failed to fetch Firebase Project from Studio Workspace because WORKSPACE_SLUG environment variable is empty
[debug] [2026-01-23T13:55:31.175Z] > command requires scopes: ["email","openid","https://www.googleapis.com/auth/cloudplatformprojects.readonly","https://www.googleapis.com/auth/firebase","https://www.googleapis.com/auth/cloud-platform","https://www.googleapis.com/auth/userinfo.email"]
[debug] [2026-01-23T13:55:31.177Z] > authorizing via signed-in user (marsaru22@gmail.com)
[debug] [2026-01-23T13:55:31.236Z] > command requires scopes: ["email","openid","https://www.googleapis.com/auth/cloudplatformprojects.readonly","https://www.googleapis.com/auth/firebase","https://www.googleapis.com/auth/cloud-platform","https://www.googleapis.com/auth/userinfo.email"]
[debug] [2026-01-23T13:55:31.237Z] > authorizing via signed-in user (marsaru22@gmail.com)
[error] Failed to fetch Firebase Project from Studio Workspace because WORKSPACE_SLUG environment variable is empty
[error] Failed to fetch Firebase Project from Studio Workspace because WORKSPACE_SLUG environment variable is empty
[error] Failed to fetch Firebase Project from Studio Workspace because WORKSPACE_SLUG environment variable is empty
[debug] [2026-01-23T13:55:31.442Z] > command requires scopes: ["email","openid","https://www.googleapis.com/auth/cloudplatformprojects.readonly","https://www.googleapis.com/auth/firebase","https://www.googleapis.com/auth/cloud-platform","https://www.googleapis.com/auth/userinfo.email"]
[debug] [2026-01-23T13:55:31.444Z] > authorizing via signed-in user (marsaru22@gmail.com)
[error] Failed to fetch Firebase Project from Studio Workspace because WORKSPACE_SLUG environment variable is empty
[debug] [2026-01-23T13:55:31.453Z] > command requires scopes: ["email","openid","https://www.googleapis.com/auth/cloudplatformprojects.readonly","https://www.googleapis.com/auth/firebase","https://www.googleapis.com/auth/cloud-platform","https://www.googleapis.com/auth/userinfo.email"]
[debug] [2026-01-23T13:55:31.453Z] > authorizing via signed-in user (marsaru22@gmail.com)
[error] Failed to fetch Firebase Project from Studio Workspace because WORKSPACE_SLUG environment variable is empty
[error] Failed to fetch Firebase Project from Studio Workspace because WORKSPACE_SLUG environment variable is empty
[error] Failed to fetch Firebase Project from Studio Workspace because WORKSPACE_SLUG environment variable is empty
[error] Failed to fetch Firebase Project from Studio Workspace because WORKSPACE_SLUG environment variable is empty
[error] Failed to fetch Firebase Project from Studio Workspace because WORKSPACE_SLUG environment variable is empty
[error] Failed to fetch Firebase Project from Studio Workspace because WORKSPACE_SLUG environment variable is empty
[debug] [2026-01-23T13:55:31.505Z] > command requires scopes: ["email","openid","https://www.googleapis.com/auth/cloudplatformprojects.readonly","https://www.googleapis.com/auth/firebase","https://www.googleapis.com/auth/cloud-platform","https://www.googleapis.com/auth/userinfo.email"]
[debug] [2026-01-23T13:55:31.506Z] > authorizing via signed-in user (marsaru22@gmail.com)
[debug] [2026-01-23T13:55:31.506Z] > command requires scopes: ["email","openid","https://www.googleapis.com/auth/cloudplatformprojects.readonly","https://www.googleapis.com/auth/firebase","https://www.googleapis.com/auth/cloud-platform","https://www.googleapis.com/auth/userinfo.email"]
[debug] [2026-01-23T13:55:31.506Z] > authorizing via signed-in user (marsaru22@gmail.com)
[error] Failed to fetch Firebase Project from Studio Workspace because WORKSPACE_SLUG environment variable is empty
[error] Failed to fetch Firebase Project from Studio Workspace because WORKSPACE_SLUG environment variable is empty
[debug] [2026-01-23T13:55:31.508Z] > command requires scopes: ["email","openid","https://www.googleapis.com/auth/cloudplatformprojects.readonly","https://www.googleapis.com/auth/firebase","https://www.googleapis.com/auth/cloud-platform","https://www.googleapis.com/auth/userinfo.email"]
[debug] [2026-01-23T13:55:31.509Z] > authorizing via signed-in user (marsaru22@gmail.com)
[debug] [2026-01-23T13:55:31.509Z] > command requires scopes: ["email","openid","https://www.googleapis.com/auth/cloudplatformprojects.readonly","https://www.googleapis.com/auth/firebase","https://www.googleapis.com/auth/cloud-platform","https://www.googleapis.com/auth/userinfo.email"]
[debug] [2026-01-23T13:55:31.509Z] > authorizing via signed-in user (marsaru22@gmail.com)
[error] Failed to fetch Firebase Project from Studio Workspace because WORKSPACE_SLUG environment variable is empty
[error] Failed to fetch Firebase Project from Studio Workspace because WORKSPACE_SLUG environment variable is empty
[error] Failed to fetch Firebase Project from Studio Workspace because WORKSPACE_SLUG environment variable is empty
[error] Failed to fetch Firebase Project from Studio Workspace because WORKSPACE_SLUG environment variable is empty
[debug] [2026-01-23T14:01:23.303Z] > command requires scopes: ["email","openid","https://www.googleapis.com/auth/cloudplatformprojects.readonly","https://www.googleapis.com/auth/firebase","https://www.googleapis.com/auth/cloud-platform","https://www.googleapis.com/auth/userinfo.email"]
[debug] [2026-01-23T14:01:23.306Z] > authorizing via signed-in user (marsaru22@gmail.com)
[debug] [2026-01-23T14:01:23.341Z] > command requires scopes: ["email","openid","https://www.googleapis.com/auth/cloudplatformprojects.readonly","https://www.googleapis.com/auth/firebase","https://www.googleapis.com/auth/cloud-platform","https://www.googleapis.com/auth/userinfo.email"]
[debug] [2026-01-23T14:01:23.342Z] > authorizing via signed-in user (marsaru22@gmail.com)
[error] Failed to fetch Firebase Project from Studio Workspace because WORKSPACE_SLUG environment variable is empty
[error] Failed to fetch Firebase Project from Studio Workspace because WORKSPACE_SLUG environment variable is empty
[error] Failed to fetch Firebase Project from Studio Workspace because WORKSPACE_SLUG environment variable is empty
[debug] [2026-01-23T14:01:23.545Z] > command requires scopes: ["email","openid","https://www.googleapis.com/auth/cloudplatformprojects.readonly","https://www.googleapis.com/auth/firebase","https://www.googleapis.com/auth/cloud-platform","https://www.googleapis.com/auth/userinfo.email"]
[debug] [2026-01-23T14:01:23.549Z] > authorizing via signed-in user (marsaru22@gmail.com)
[error] Failed to fetch Firebase Project from Studio Workspace because WORKSPACE_SLUG environment variable is empty
[debug] [2026-01-23T14:01:23.557Z] > command requires scopes: ["email","openid","https://www.googleapis.com/auth/cloudplatformprojects.readonly","https://www.googleapis.com/auth/firebase","https://www.googleapis.com/auth/cloud-platform","https://www.googleapis.com/auth/userinfo.email"]
[debug] [2026-01-23T14:01:23.558Z] > authorizing via signed-in user (marsaru22@gmail.com)
[error] Failed to fetch Firebase Project from Studio Workspace because WORKSPACE_SLUG environment variable is empty
[error] Failed to fetch Firebase Project from Studio Workspace because WORKSPACE_SLUG environment variable is empty
[error] Failed to fetch Firebase Project from Studio Workspace because WORKSPACE_SLUG environment variable is empty
[debug] [2026-01-23T14:01:23.585Z] > command requires scopes: ["email","openid","https://www.googleapis.com/auth/cloudplatformprojects.readonly","https://www.googleapis.com/auth/firebase","https://www.googleapis.com/auth/cloud-platform","https://www.googleapis.com/auth/userinfo.email"]
[debug] [2026-01-23T14:01:23.585Z] > authorizing via signed-in user (marsaru22@gmail.com)
[error] Failed to fetch Firebase Project from Studio Workspace because WORKSPACE_SLUG environment variable is empty
[debug] [2026-01-23T14:01:23.589Z] > command requires scopes: ["email","openid","https://www.googleapis.com/auth/cloudplatformprojects.readonly","https://www.googleapis.com/auth/firebase","https://www.googleapis.com/auth/cloud-platform","https://www.googleapis.com/auth/userinfo.email"]
[debug] [2026-01-23T14:01:23.589Z] > authorizing via signed-in user (marsaru22@gmail.com)
[error] Failed to fetch Firebase Project from Studio Workspace because WORKSPACE_SLUG environment variable is empty
[error] Failed to fetch Firebase Project from Studio Workspace because WORKSPACE_SLUG environment variable is empty
[error] Failed to fetch Firebase Project from Studio Workspace because WORKSPACE_SLUG environment variable is empty
[debug] [2026-01-23T14:01:23.601Z] > command requires scopes: ["email","openid","https://www.googleapis.com/auth/cloudplatformprojects.readonly","https://www.googleapis.com/auth/firebase","https://www.googleapis.com/auth/cloud-platform","https://www.googleapis.com/auth/userinfo.email"]
[debug] [2026-01-23T14:01:23.601Z] > authorizing via signed-in user (marsaru22@gmail.com)
[error] Failed to fetch Firebase Project from Studio Workspace because WORKSPACE_SLUG environment variable is empty
[debug] [2026-01-23T14:01:23.602Z] > command requires scopes: ["email","openid","https://www.googleapis.com/auth/cloudplatformprojects.readonly","https://www.googleapis.com/auth/firebase","https://www.googleapis.com/auth/cloud-platform","https://www.googleapis.com/auth/userinfo.email"]
[debug] [2026-01-23T14:01:23.602Z] > authorizing via signed-in user (marsaru22@gmail.com)
[error] Failed to fetch Firebase Project from Studio Workspace because WORKSPACE_SLUG environment variable is empty
[error] Failed to fetch Firebase Project from Studio Workspace because WORKSPACE_SLUG environment variable is empty
[error] Failed to fetch Firebase Project from Studio Workspace because WORKSPACE_SLUG environment variable is empty
[error] Failed to fetch Firebase Project from Studio Workspace because WORKSPACE_SLUG environment variable is empty
[debug] [2026-01-23T14:04:52.417Z] > command requires scopes: ["email","openid","https://www.googleapis.com/auth/cloudplatformprojects.readonly","https://www.googleapis.com/auth/firebase","https://www.googleapis.com/auth/cloud-platform","https://www.googleapis.com/auth/userinfo.email"]
[debug] [2026-01-23T14:04:52.420Z] > authorizing via signed-in user (marsaru22@gmail.com)
[debug] [2026-01-23T14:04:52.448Z] > command requires scopes: ["email","openid","https://www.googleapis.com/auth/cloudplatformprojects.readonly","https://www.googleapis.com/auth/firebase","https://www.googleapis.com/auth/cloud-platform","https://www.googleapis.com/auth/userinfo.email"]
[debug] [2026-01-23T14:04:52.449Z] > authorizing via signed-in user (marsaru22@gmail.com)
[error] Failed to fetch Firebase Project from Studio Workspace because WORKSPACE_SLUG environment variable is empty
[error] Failed to fetch Firebase Project from Studio Workspace because WORKSPACE_SLUG environment variable is empty
[error] Failed to fetch Firebase Project from Studio Workspace because WORKSPACE_SLUG environment variable is empty
[debug] [2026-01-23T14:04:52.761Z] > command requires scopes: ["email","openid","https://www.googleapis.com/auth/cloudplatformprojects.readonly","https://www.googleapis.com/auth/firebase","https://www.googleapis.com/auth/cloud-platform","https://www.googleapis.com/auth/userinfo.email"]
[debug] [2026-01-23T14:04:52.762Z] > authorizing via signed-in user (marsaru22@gmail.com)
[error] Failed to fetch Firebase Project from Studio Workspace because WORKSPACE_SLUG environment variable is empty
[debug] [2026-01-23T14:04:52.765Z] > command requires scopes: ["email","openid","https://www.googleapis.com/auth/cloudplatformprojects.readonly","https://www.googleapis.com/auth/firebase","https://www.googleapis.com/auth/cloud-platform","https://www.googleapis.com/auth/userinfo.email"]
[debug] [2026-01-23T14:04:52.766Z] > authorizing via signed-in user (marsaru22@gmail.com)
[error] Failed to fetch Firebase Project from Studio Workspace because WORKSPACE_SLUG environment variable is empty
[error] Failed to fetch Firebase Project from Studio Workspace because WORKSPACE_SLUG environment variable is empty
[error] Failed to fetch Firebase Project from Studio Workspace because WORKSPACE_SLUG environment variable is empty
[debug] [2026-01-23T14:04:52.893Z] > command requires scopes: ["email","openid","https://www.googleapis.com/auth/cloudplatformprojects.readonly","https://www.googleapis.com/auth/firebase","https://www.googleapis.com/auth/cloud-platform","https://www.googleapis.com/auth/userinfo.email"]
[debug] [2026-01-23T14:04:52.900Z] > authorizing via signed-in user (marsaru22@gmail.com)
[error] Failed to fetch Firebase Project from Studio Workspace because WORKSPACE_SLUG environment variable is empty
[debug] [2026-01-23T14:04:52.907Z] > command requires scopes: ["email","openid","https://www.googleapis.com/auth/cloudplatformprojects.readonly","https://www.googleapis.com/auth/firebase","https://www.googleapis.com/auth/cloud-platform","https://www.googleapis.com/auth/userinfo.email"]
[debug] [2026-01-23T14:04:52.908Z] > authorizing via signed-in user (marsaru22@gmail.com)
[error] Failed to fetch Firebase Project from Studio Workspace because WORKSPACE_SLUG environment variable is empty
[error] Failed to fetch Firebase Project from Studio Workspace because WORKSPACE_SLUG environment variable is empty
[error] Failed to fetch Firebase Project from Studio Workspace because WORKSPACE_SLUG environment variable is empty
[debug] [2026-01-23T14:04:52.961Z] > command requires scopes: ["email","openid","https://www.googleapis.com/auth/cloudplatformprojects.readonly","https://www.googleapis.com/auth/firebase","https://www.googleapis.com/auth/cloud-platform","https://www.googleapis.com/auth/userinfo.email"]
[debug] [2026-01-23T14:04:52.963Z] > authorizing via signed-in user (marsaru22@gmail.com)
[error] Failed to fetch Firebase Project from Studio Workspace because WORKSPACE_SLUG environment variable is empty
[debug] [2026-01-23T14:04:52.971Z] > command requires scopes: ["email","openid","https://www.googleapis.com/auth/cloudplatformprojects.readonly","https://www.googleapis.com/auth/firebase","https://www.googleapis.com/auth/cloud-platform","https://www.googleapis.com/auth/userinfo.email"]
[debug] [2026-01-23T14:04:52.973Z] > authorizing via signed-in user (marsaru22@gmail.com)
[error] Failed to fetch Firebase Project from Studio Workspace because WORKSPACE_SLUG environment variable is empty
[error] Failed to fetch Firebase Project from Studio Workspace because WORKSPACE_SLUG environment variable is empty
[debug] [2026-01-23T14:22:43.594Z] > command requires scopes: ["email","openid","https://www.googleapis.com/auth/cloudplatformprojects.readonly","https://www.googleapis.com/auth/firebase","https://www.googleapis.com/auth/cloud-platform","https://www.googleapis.com/auth/userinfo.email"]
[debug] [2026-01-23T14:22:43.596Z] > authorizing via signed-in user (marsaru22@gmail.com)
[error] Failed to fetch Firebase Project from Studio Workspace because WORKSPACE_SLUG environment variable is empty
[error] Failed to fetch Firebase Project from Studio Workspace because WORKSPACE_SLUG environment variable is empty
[debug] [2026-01-23T14:22:43.683Z] > command requires scopes: ["email","openid","https://www.googleapis.com/auth/cloudplatformprojects.readonly","https://www.googleapis.com/auth/firebase","https://www.googleapis.com/auth/cloud-platform","https://www.googleapis.com/auth/userinfo.email"]
[debug] [2026-01-23T14:22:43.683Z] > authorizing via signed-in user (marsaru22@gmail.com)
[error] Failed to fetch Firebase Project from Studio Workspace because WORKSPACE_SLUG environment variable is empty
[error] Failed to fetch Firebase Project from Studio Workspace because WORKSPACE_SLUG environment variable is empty
[error] Failed to fetch Firebase Project from Studio Workspace because WORKSPACE_SLUG environment variable is empty
[debug] [2026-01-23T14:22:43.888Z] > command requires scopes: ["email","openid","https://www.googleapis.com/auth/cloudplatformprojects.readonly","https://www.googleapis.com/auth/firebase","https://www.googleapis.com/auth/cloud-platform","https://www.googleapis.com/auth/userinfo.email"]
[debug] [2026-01-23T14:22:43.888Z] > authorizing via signed-in user (marsaru22@gmail.com)
[error] Failed to fetch Firebase Project from Studio Workspace because WORKSPACE_SLUG environment variable is empty
[debug] [2026-01-23T14:22:43.897Z] > command requires scopes: ["email","openid","https://www.googleapis.com/auth/cloudplatformprojects.readonly","https://www.googleapis.com/auth/firebase","https://www.googleapis.com/auth/cloud-platform","https://www.googleapis.com/auth/userinfo.email"]
[debug] [2026-01-23T14:22:43.897Z] > authorizing via signed-in user (marsaru22@gmail.com)
[error] Failed to fetch Firebase Project from Studio Workspace because WORKSPACE_SLUG environment variable is empty
[error] Failed to fetch Firebase Project from Studio Workspace because WORKSPACE_SLUG environment variable is empty
[error] Failed to fetch Firebase Project from Studio Workspace because WORKSPACE_SLUG environment variable is empty
[debug] [2026-01-23T14:22:43.946Z] > command requires scopes: ["email","openid","https://www.googleapis.com/auth/cloudplatformprojects.readonly","https://www.googleapis.com/auth/firebase","https://www.googleapis.com/auth/cloud-platform","https://www.googleapis.com/auth/userinfo.email"]
[debug] [2026-01-23T14:22:43.946Z] > authorizing via signed-in user (marsaru22@gmail.com)
[error] Failed to fetch Firebase Project from Studio Workspace because WORKSPACE_SLUG environment variable is empty
[debug] [2026-01-23T14:22:43.954Z] > command requires scopes: ["email","openid","https://www.googleapis.com/auth/cloudplatformprojects.readonly","https://www.googleapis.com/auth/firebase","https://www.googleapis.com/auth/cloud-platform","https://www.googleapis.com/auth/userinfo.email"]
[debug] [2026-01-23T14:22:43.954Z] > authorizing via signed-in user (marsaru22@gmail.com)
[error] Failed to fetch Firebase Project from Studio Workspace because WORKSPACE_SLUG environment variable is empty
[error] Failed to fetch Firebase Project from Studio Workspace because WORKSPACE_SLUG environment variable is empty
[error] Failed to fetch Firebase Project from Studio Workspace because WORKSPACE_SLUG environment variable is empty
[debug] [2026-01-23T14:22:43.964Z] > command requires scopes: ["email","openid","https://www.googleapis.com/auth/cloudplatformprojects.readonly","https://www.googleapis.com/auth/firebase","https://www.googleapis.com/auth/cloud-platform","https://www.googleapis.com/auth/userinfo.email"]
[debug] [2026-01-23T14:22:43.964Z] > authorizing via signed-in user (marsaru22@gmail.com)
[error] Failed to fetch Firebase Project from Studio Workspace because WORKSPACE_SLUG environment variable is empty
[debug] [2026-01-23T14:22:43.965Z] > command requires scopes: ["email","openid","https://www.googleapis.com/auth/cloudplatformprojects.readonly","https://www.googleapis.com/auth/firebase","https://www.googleapis.com/auth/cloud-platform","https://www.googleapis.com/auth/userinfo.email"]
[debug] [2026-01-23T14:22:43.966Z] > authorizing via signed-in user (marsaru22@gmail.com)
[error] Failed to fetch Firebase Project from Studio Workspace because WORKSPACE_SLUG environment variable is empty
[error] Failed to fetch Firebase Project from Studio Workspace because WORKSPACE_SLUG environment variable is empty
[error] Failed to fetch Firebase Project from Studio Workspace because WORKSPACE_SLUG environment variable is empty
[error] Failed to fetch Firebase Project from Studio Workspace because WORKSPACE_SLUG environment variable is empty
[debug] [2026-01-23T14:32:16.171Z] > command requires scopes: ["email","openid","https://www.googleapis.com/auth/cloudplatformprojects.readonly","https://www.googleapis.com/auth/firebase","https://www.googleapis.com/auth/cloud-platform","https://www.googleapis.com/auth/userinfo.email"]
[debug] [2026-01-23T14:32:16.172Z] > authorizing via signed-in user (marsaru22@gmail.com)
[debug] [2026-01-23T14:32:16.204Z] > command requires scopes: ["email","openid","https://www.googleapis.com/auth/cloudplatformprojects.readonly","https://www.googleapis.com/auth/firebase","https://www.googleapis.com/auth/cloud-platform","https://www.googleapis.com/auth/userinfo.email"]
[debug] [2026-01-23T14:32:16.205Z] > authorizing via signed-in user (marsaru22@gmail.com)
[error] Failed to fetch Firebase Project from Studio Workspace because WORKSPACE_SLUG environment variable is empty
[error] Failed to fetch Firebase Project from Studio Workspace because WORKSPACE_SLUG environment variable is empty
[error] Failed to fetch Firebase Project from Studio Workspace because WORKSPACE_SLUG environment variable is empty
[debug] [2026-01-23T14:32:16.328Z] > command requires scopes: ["email","openid","https://www.googleapis.com/auth/cloudplatformprojects.readonly","https://www.googleapis.com/auth/firebase","https://www.googleapis.com/auth/cloud-platform","https://www.googleapis.com/auth/userinfo.email"]
[debug] [2026-01-23T14:32:16.329Z] > authorizing via signed-in user (marsaru22@gmail.com)
[error] Failed to fetch Firebase Project from Studio Workspace because WORKSPACE_SLUG environment variable is empty
[debug] [2026-01-23T14:32:16.333Z] > command requires scopes: ["email","openid","https://www.googleapis.com/auth/cloudplatformprojects.readonly","https://www.googleapis.com/auth/firebase","https://www.googleapis.com/auth/cloud-platform","https://www.googleapis.com/auth/userinfo.email"]
[debug] [2026-01-23T14:32:16.333Z] > authorizing via signed-in user (marsaru22@gmail.com)
[error] Failed to fetch Firebase Project from Studio Workspace because WORKSPACE_SLUG environment variable is empty
[error] Failed to fetch Firebase Project from Studio Workspace because WORKSPACE_SLUG environment variable is empty
[error] Failed to fetch Firebase Project from Studio Workspace because WORKSPACE_SLUG environment variable is empty
[error] Failed to fetch Firebase Project from Studio Workspace because WORKSPACE_SLUG environment variable is empty
[error] Failed to fetch Firebase Project from Studio Workspace because WORKSPACE_SLUG environment variable is empty
[error] Failed to fetch Firebase Project from Studio Workspace because WORKSPACE_SLUG environment variable is empty
[debug] [2026-01-23T14:32:16.364Z] > command requires scopes: ["email","openid","https://www.googleapis.com/auth/cloudplatformprojects.readonly","https://www.googleapis.com/auth/firebase","https://www.googleapis.com/auth/cloud-platform","https://www.googleapis.com/auth/userinfo.email"]
[debug] [2026-01-23T14:32:16.364Z] > authorizing via signed-in user (marsaru22@gmail.com)
[debug] [2026-01-23T14:32:16.365Z] > command requires scopes: ["email","openid","https://www.googleapis.com/auth/cloudplatformprojects.readonly","https://www.googleapis.com/auth/firebase","https://www.googleapis.com/auth/cloud-platform","https://www.googleapis.com/auth/userinfo.email"]
[debug] [2026-01-23T14:32:16.365Z] > authorizing via signed-in user (marsaru22@gmail.com)
[error] Failed to fetch Firebase Project from Studio Workspace because WORKSPACE_SLUG environment variable is empty
[error] Failed to fetch Firebase Project from Studio Workspace because WORKSPACE_SLUG environment variable is empty
[debug] [2026-01-23T14:32:16.368Z] > command requires scopes: ["email","openid","https://www.googleapis.com/auth/cloudplatformprojects.readonly","https://www.googleapis.com/auth/firebase","https://www.googleapis.com/auth/cloud-platform","https://www.googleapis.com/auth/userinfo.email"]
[debug] [2026-01-23T14:32:16.368Z] > authorizing via signed-in user (marsaru22@gmail.com)
[debug] [2026-01-23T14:32:16.368Z] > command requires scopes: ["email","openid","https://www.googleapis.com/auth/cloudplatformprojects.readonly","https://www.googleapis.com/auth/firebase","https://www.googleapis.com/auth/cloud-platform","https://www.googleapis.com/auth/userinfo.email"]
[debug] [2026-01-23T14:32:16.368Z] > authorizing via signed-in user (marsaru22@gmail.com)
[error] Failed to fetch Firebase Project from Studio Workspace because WORKSPACE_SLUG environment variable is empty
[error] Failed to fetch Firebase Project from Studio Workspace because WORKSPACE_SLUG environment variable is empty
[error] Failed to fetch Firebase Project from Studio Workspace because WORKSPACE_SLUG environment variable is empty
[error] Failed to fetch Firebase Project from Studio Workspace because WORKSPACE_SLUG environment variable is empty
[debug] [2026-01-23T14:36:43.137Z] > command requires scopes: ["email","openid","https://www.googleapis.com/auth/cloudplatformprojects.readonly","https://www.googleapis.com/auth/firebase","https://www.googleapis.com/auth/cloud-platform","https://www.googleapis.com/auth/userinfo.email"]
[debug] [2026-01-23T14:36:43.138Z] > authorizing via signed-in user (marsaru22@gmail.com)
[debug] [2026-01-23T14:36:43.163Z] > command requires scopes: ["email","openid","https://www.googleapis.com/auth/cloudplatformprojects.readonly","https://www.googleapis.com/auth/firebase","https://www.googleapis.com/auth/cloud-platform","https://www.googleapis.com/auth/userinfo.email"]
[debug] [2026-01-23T14:36:43.164Z] > authorizing via signed-in user (marsaru22@gmail.com)
[error] Failed to fetch Firebase Project from Studio Workspace because WORKSPACE_SLUG environment variable is empty
[error] Failed to fetch Firebase Project from Studio Workspace because WORKSPACE_SLUG environment variable is empty
[error] Failed to fetch Firebase Project from Studio Workspace because WORKSPACE_SLUG environment variable is empty
[debug] [2026-01-23T14:36:43.313Z] > command requires scopes: ["email","openid","https://www.googleapis.com/auth/cloudplatformprojects.readonly","https://www.googleapis.com/auth/firebase","https://www.googleapis.com/auth/cloud-platform","https://www.googleapis.com/auth/userinfo.email"]
[debug] [2026-01-23T14:36:43.314Z] > authorizing via signed-in user (marsaru22@gmail.com)
[error] Failed to fetch Firebase Project from Studio Workspace because WORKSPACE_SLUG environment variable is empty
[debug] [2026-01-23T14:36:43.317Z] > command requires scopes: ["email","openid","https://www.googleapis.com/auth/cloudplatformprojects.readonly","https://www.googleapis.com/auth/firebase","https://www.googleapis.com/auth/cloud-platform","https://www.googleapis.com/auth/userinfo.email"]
[debug] [2026-01-23T14:36:43.318Z] > authorizing via signed-in user (marsaru22@gmail.com)
[error] Failed to fetch Firebase Project from Studio Workspace because WORKSPACE_SLUG environment variable is empty
[error] Failed to fetch Firebase Project from Studio Workspace because WORKSPACE_SLUG environment variable is empty
[error] Failed to fetch Firebase Project from Studio Workspace because WORKSPACE_SLUG environment variable is empty
[debug] [2026-01-23T14:36:43.346Z] > command requires scopes: ["email","openid","https://www.googleapis.com/auth/cloudplatformprojects.readonly","https://www.googleapis.com/auth/firebase","https://www.googleapis.com/auth/cloud-platform","https://www.googleapis.com/auth/userinfo.email"]
[debug] [2026-01-23T14:36:43.346Z] > authorizing via signed-in user (marsaru22@gmail.com)
[error] Failed to fetch Firebase Project from Studio Workspace because WORKSPACE_SLUG environment variable is empty
[debug] [2026-01-23T14:36:43.352Z] > command requires scopes: ["email","openid","https://www.googleapis.com/auth/cloudplatformprojects.readonly","https://www.googleapis.com/auth/firebase","https://www.googleapis.com/auth/cloud-platform","https://www.googleapis.com/auth/userinfo.email"]
[debug] [2026-01-23T14:36:43.352Z] > authorizing via signed-in user (marsaru22@gmail.com)
[error] Failed to fetch Firebase Project from Studio Workspace because WORKSPACE_SLUG environment variable is empty
[error] Failed to fetch Firebase Project from Studio Workspace because WORKSPACE_SLUG environment variable is empty
[error] Failed to fetch Firebase Project from Studio Workspace because WORKSPACE_SLUG environment variable is empty
[debug] [2026-01-23T14:36:43.360Z] > command requires scopes: ["email","openid","https://www.googleapis.com/auth/cloudplatformprojects.readonly","https://www.googleapis.com/auth/firebase","https://www.googleapis.com/auth/cloud-platform","https://www.googleapis.com/auth/userinfo.email"]
[debug] [2026-01-23T14:36:43.361Z] > authorizing via signed-in user (marsaru22@gmail.com)
[error] Failed to fetch Firebase Project from Studio Workspace because WORKSPACE_SLUG environment variable is empty
[debug] [2026-01-23T14:36:43.362Z] > command requires scopes: ["email","openid","https://www.googleapis.com/auth/cloudplatformprojects.readonly","https://www.googleapis.com/auth/firebase","https://www.googleapis.com/auth/cloud-platform","https://www.googleapis.com/auth/userinfo.email"]
[debug] [2026-01-23T14:36:43.362Z] > authorizing via signed-in user (marsaru22@gmail.com)
[error] Failed to fetch Firebase Project from Studio Workspace because WORKSPACE_SLUG environment variable is empty
[error] Failed to fetch Firebase Project from Studio Workspace because WORKSPACE_SLUG environment variable is empty
[error] Failed to fetch Firebase Project from Studio Workspace because WORKSPACE_SLUG environment variable is empty
[error] Failed to fetch Firebase Project from Studio Workspace because WORKSPACE_SLUG environment variable is empty
[debug] [2026-01-25T06:33:49.500Z] > command requires scopes: ["email","openid","https://www.googleapis.com/auth/cloudplatformprojects.readonly","https://www.googleapis.com/auth/firebase","https://www.googleapis.com/auth/cloud-platform","https://www.googleapis.com/auth/userinfo.email"]
[debug] [2026-01-25T06:33:49.507Z] > command requires scopes: ["email","openid","https://www.googleapis.com/auth/cloudplatformprojects.readonly","https://www.googleapis.com/auth/firebase","https://www.googleapis.com/auth/cloud-platform","https://www.googleapis.com/auth/userinfo.email"]
[error] Failed to fetch Firebase Project from Studio Workspace because WORKSPACE_SLUG environment variable is empty
[error] Failed to fetch Firebase Project from Studio Workspace because WORKSPACE_SLUG environment variable is empty
[error] Failed to fetch Firebase Project from Studio Workspace because WORKSPACE_SLUG environment variable is empty
[error] Failed to fetch Firebase Project from Studio Workspace because WORKSPACE_SLUG environment variable is empty
[debug] [2026-01-25T06:34:49.464Z] > command requires scopes: ["email","openid","https://www.googleapis.com/auth/cloudplatformprojects.readonly","https://www.googleapis.com/auth/firebase","https://www.googleapis.com/auth/cloud-platform","https://www.googleapis.com/auth/userinfo.email"]
[debug] [2026-01-25T06:34:49.465Z] > command requires scopes: ["email","openid","https://www.googleapis.com/auth/cloudplatformprojects.readonly","https://www.googleapis.com/auth/firebase","https://www.googleapis.com/auth/cloud-platform","https://www.googleapis.com/auth/userinfo.email"]
[error] Failed to fetch Firebase Project from Studio Workspace because WORKSPACE_SLUG environment variable is empty
[error] Failed to fetch Firebase Project from Studio Workspace because WORKSPACE_SLUG environment variable is empty
[error] Failed to fetch Firebase Project from Studio Workspace because WORKSPACE_SLUG environment variable is empty
[debug] [2026-01-25T06:36:33.750Z] > command requires scopes: ["email","openid","https://www.googleapis.com/auth/cloudplatformprojects.readonly","https://www.googleapis.com/auth/firebase","https://www.googleapis.com/auth/cloud-platform","https://www.googleapis.com/auth/userinfo.email"]
[error] Failed to fetch Firebase Project from Studio Workspace because WORKSPACE_SLUG environment variable is empty
[error] Failed to fetch Firebase Project from Studio Workspace because WORKSPACE_SLUG environment variable is empty
[error] Failed to fetch Firebase Project from Studio Workspace because WORKSPACE_SLUG environment variable is empty
[debug] [2026-01-25T06:36:33.767Z] > command requires scopes: ["email","openid","https://www.googleapis.com/auth/cloudplatformprojects.readonly","https://www.googleapis.com/auth/firebase","https://www.googleapis.com/auth/cloud-platform","https://www.googleapis.com/auth/userinfo.email"]
[error] Failed to fetch Firebase Project from Studio Workspace because WORKSPACE_SLUG environment variable is empty
[error] Failed to fetch Firebase Project from Studio Workspace because WORKSPACE_SLUG environment variable is empty
[error] Failed to fetch Firebase Project from Studio Workspace because WORKSPACE_SLUG environment variable is empty
[debug] [2026-01-25T06:36:33.770Z] > command requires scopes: ["email","openid","https://www.googleapis.com/auth/cloudplatformprojects.readonly","https://www.googleapis.com/auth/firebase","https://www.googleapis.com/auth/cloud-platform","https://www.googleapis.com/auth/userinfo.email"]
[error] Failed to fetch Firebase Project from Studio Workspace because WORKSPACE_SLUG environment variable is empty
[error] Failed to fetch Firebase Project from Studio Workspace because WORKSPACE_SLUG environment variable is empty
[error] Failed to fetch Firebase Project from Studio Workspace because WORKSPACE_SLUG environment variable is empty
[debug] [2026-01-25T06:38:35.973Z] > command requires scopes: ["email","openid","https://www.googleapis.com/auth/cloudplatformprojects.readonly","https://www.googleapis.com/auth/firebase","https://www.googleapis.com/auth/cloud-platform","https://www.googleapis.com/auth/userinfo.email"]
[debug] [2026-01-25T06:38:35.974Z] > command requires scopes: ["email","openid","https://www.googleapis.com/auth/cloudplatformprojects.readonly","https://www.googleapis.com/auth/firebase","https://www.googleapis.com/auth/cloud-platform","https://www.googleapis.com/auth/userinfo.email"]
[debug] [2026-01-25T06:38:35.974Z] > command requires scopes: ["email","openid","https://www.googleapis.com/auth/cloudplatformprojects.readonly","https://www.googleapis.com/auth/firebase","https://www.googleapis.com/auth/cloud-platform","https://www.googleapis.com/auth/userinfo.email"]
[error] Failed to fetch Firebase Project from Studio Workspace because WORKSPACE_SLUG environment variable is empty
[error] Failed to fetch Firebase Project from Studio Workspace because WORKSPACE_SLUG environment variable is empty
[error] Failed to fetch Firebase Project from Studio Workspace because WORKSPACE_SLUG environment variable is empty
[error] Failed to fetch Firebase Project from Studio Workspace because WORKSPACE_SLUG environment variable is empty
[debug] [2026-01-25T09:44:39.945Z] > command requires scopes: ["email","openid","https://www.googleapis.com/auth/cloudplatformprojects.readonly","https://www.googleapis.com/auth/firebase","https://www.googleapis.com/auth/cloud-platform","https://www.googleapis.com/auth/userinfo.email"]
[debug] [2026-01-25T09:44:39.948Z] > command requires scopes: ["email","openid","https://www.googleapis.com/auth/cloudplatformprojects.readonly","https://www.googleapis.com/auth/firebase","https://www.googleapis.com/auth/cloud-platform","https://www.googleapis.com/auth/userinfo.email"]
[debug] [2026-01-25T09:45:08.018Z] Running auto auth
[debug] [2026-01-25T09:45:08.022Z] Running auto auth
[error] Failed to fetch Firebase Project from Studio Workspace because WORKSPACE_SLUG environment variable is empty
[error] Failed to fetch Firebase Project from Studio Workspace because WORKSPACE_SLUG environment variable is empty
[error] Failed to fetch Firebase Project from Studio Workspace because WORKSPACE_SLUG environment variable is empty
[debug] [2026-01-25T09:45:08.384Z] > command requires scopes: ["email","openid","https://www.googleapis.com/auth/cloudplatformprojects.readonly","https://www.googleapis.com/auth/firebase","https://www.googleapis.com/auth/cloud-platform","https://www.googleapis.com/auth/userinfo.email"]
[debug] [2026-01-25T09:45:08.388Z] > authorizing via signed-in user (marsaru22@gmail.com)
[error] Failed to fetch Firebase Project from Studio Workspace because WORKSPACE_SLUG environment variable is empty
[debug] [2026-01-25T09:45:08.392Z] > command requires scopes: ["email","openid","https://www.googleapis.com/auth/cloudplatformprojects.readonly","https://www.googleapis.com/auth/firebase","https://www.googleapis.com/auth/cloud-platform","https://www.googleapis.com/auth/userinfo.email"]
[debug] [2026-01-25T09:45:08.393Z] > authorizing via signed-in user (marsaru22@gmail.com)
[error] Failed to fetch Firebase Project from Studio Workspace because WORKSPACE_SLUG environment variable is empty
[error] Failed to fetch Firebase Project from Studio Workspace because WORKSPACE_SLUG environment variable is empty
[error] Failed to fetch Firebase Project from Studio Workspace because WORKSPACE_SLUG environment variable is empty
[debug] [2026-01-25T09:45:08.431Z] > command requires scopes: ["email","openid","https://www.googleapis.com/auth/cloudplatformprojects.readonly","https://www.googleapis.com/auth/firebase","https://www.googleapis.com/auth/cloud-platform","https://www.googleapis.com/auth/userinfo.email"]
[debug] [2026-01-25T09:45:08.431Z] > authorizing via signed-in user (marsaru22@gmail.com)
[error] Failed to fetch Firebase Project from Studio Workspace because WORKSPACE_SLUG environment variable is empty
[debug] [2026-01-25T09:45:08.437Z] > command requires scopes: ["email","openid","https://www.googleapis.com/auth/cloudplatformprojects.readonly","https://www.googleapis.com/auth/firebase","https://www.googleapis.com/auth/cloud-platform","https://www.googleapis.com/auth/userinfo.email"]
[debug] [2026-01-25T09:45:08.438Z] > authorizing via signed-in user (marsaru22@gmail.com)
[error] Failed to fetch Firebase Project from Studio Workspace because WORKSPACE_SLUG environment variable is empty
[error] Failed to fetch Firebase Project from Studio Workspace because WORKSPACE_SLUG environment variable is empty
[error] Failed to fetch Firebase Project from Studio Workspace because WORKSPACE_SLUG environment variable is empty
[debug] [2026-01-25T09:45:08.447Z] > command requires scopes: ["email","openid","https://www.googleapis.com/auth/cloudplatformprojects.readonly","https://www.googleapis.com/auth/firebase","https://www.googleapis.com/auth/cloud-platform","https://www.googleapis.com/auth/userinfo.email"]
[debug] [2026-01-25T09:45:08.448Z] > authorizing via signed-in user (marsaru22@gmail.com)
[error] Failed to fetch Firebase Project from Studio Workspace because WORKSPACE_SLUG environment variable is empty
[debug] [2026-01-25T09:45:08.449Z] > command requires scopes: ["email","openid","https://www.googleapis.com/auth/cloudplatformprojects.readonly","https://www.googleapis.com/auth/firebase","https://www.googleapis.com/auth/cloud-platform","https://www.googleapis.com/auth/userinfo.email"]
[debug] [2026-01-25T09:45:08.450Z] > authorizing via signed-in user (marsaru22@gmail.com)
[error] Failed to fetch Firebase Project from Studio Workspace because WORKSPACE_SLUG environment variable is empty
[error] Failed to fetch Firebase Project from Studio Workspace because WORKSPACE_SLUG environment variable is empty
[error] Failed to fetch Firebase Project from Studio Workspace because WORKSPACE_SLUG environment variable is empty
[error] Failed to fetch Firebase Project from Studio Workspace because WORKSPACE_SLUG environment variable is empty
[debug] [2026-01-25T10:07:14.073Z] > command requires scopes: ["email","openid","https://www.googleapis.com/auth/cloudplatformprojects.readonly","https://www.googleapis.com/auth/firebase","https://www.googleapis.com/auth/cloud-platform","https://www.googleapis.com/auth/userinfo.email"]
[debug] [2026-01-25T10:07:14.075Z] > authorizing via signed-in user (marsaru22@gmail.com)
[debug] [2026-01-25T10:07:14.113Z] > command requires scopes: ["email","openid","https://www.googleapis.com/auth/cloudplatformprojects.readonly","https://www.googleapis.com/auth/firebase","https://www.googleapis.com/auth/cloud-platform","https://www.googleapis.com/auth/userinfo.email"]
[debug] [2026-01-25T10:07:14.113Z] > authorizing via signed-in user (marsaru22@gmail.com)
[error] Failed to fetch Firebase Project from Studio Workspace because WORKSPACE_SLUG environment variable is empty
[error] Failed to fetch Firebase Project from Studio Workspace because WORKSPACE_SLUG environment variable is empty
[error] Failed to fetch Firebase Project from Studio Workspace because WORKSPACE_SLUG environment variable is empty
[debug] [2026-01-25T10:07:14.252Z] > command requires scopes: ["email","openid","https://www.googleapis.com/auth/cloudplatformprojects.readonly","https://www.googleapis.com/auth/firebase","https://www.googleapis.com/auth/cloud-platform","https://www.googleapis.com/auth/userinfo.email"]
[debug] [2026-01-25T10:07:14.252Z] > authorizing via signed-in user (marsaru22@gmail.com)
[error] Failed to fetch Firebase Project from Studio Workspace because WORKSPACE_SLUG environment variable is empty
[debug] [2026-01-25T10:07:14.256Z] > command requires scopes: ["email","openid","https://www.googleapis.com/auth/cloudplatformprojects.readonly","https://www.googleapis.com/auth/firebase","https://www.googleapis.com/auth/cloud-platform","https://www.googleapis.com/auth/userinfo.email"]
[debug] [2026-01-25T10:07:14.256Z] > authorizing via signed-in user (marsaru22@gmail.com)
[error] Failed to fetch Firebase Project from Studio Workspace because WORKSPACE_SLUG environment variable is empty
[error] Failed to fetch Firebase Project from Studio Workspace because WORKSPACE_SLUG environment variable is empty
[error] Failed to fetch Firebase Project from Studio Workspace because WORKSPACE_SLUG environment variable is empty
[debug] [2026-01-25T10:07:14.292Z] > command requires scopes: ["email","openid","https://www.googleapis.com/auth/cloudplatformprojects.readonly","https://www.googleapis.com/auth/firebase","https://www.googleapis.com/auth/cloud-platform","https://www.googleapis.com/auth/userinfo.email"]
[debug] [2026-01-25T10:07:14.292Z] > authorizing via signed-in user (marsaru22@gmail.com)
[error] Failed to fetch Firebase Project from Studio Workspace because WORKSPACE_SLUG environment variable is empty
[debug] [2026-01-25T10:07:14.301Z] > command requires scopes: ["email","openid","https://www.googleapis.com/auth/cloudplatformprojects.readonly","https://www.googleapis.com/auth/firebase","https://www.googleapis.com/auth/cloud-platform","https://www.googleapis.com/auth/userinfo.email"]
[debug] [2026-01-25T10:07:14.301Z] > authorizing via signed-in user (marsaru22@gmail.com)
[error] Failed to fetch Firebase Project from Studio Workspace because WORKSPACE_SLUG environment variable is empty
[error] Failed to fetch Firebase Project from Studio Workspace because WORKSPACE_SLUG environment variable is empty
[error] Failed to fetch Firebase Project from Studio Workspace because WORKSPACE_SLUG environment variable is empty
[debug] [2026-01-25T10:07:14.312Z] > command requires scopes: ["email","openid","https://www.googleapis.com/auth/cloudplatformprojects.readonly","https://www.googleapis.com/auth/firebase","https://www.googleapis.com/auth/cloud-platform","https://www.googleapis.com/auth/userinfo.email"]
[debug] [2026-01-25T10:07:14.312Z] > authorizing via signed-in user (marsaru22@gmail.com)
[error] Failed to fetch Firebase Project from Studio Workspace because WORKSPACE_SLUG environment variable is empty
[debug] [2026-01-25T10:07:14.314Z] > command requires scopes: ["email","openid","https://www.googleapis.com/auth/cloudplatformprojects.readonly","https://www.googleapis.com/auth/firebase","https://www.googleapis.com/auth/cloud-platform","https://www.googleapis.com/auth/userinfo.email"]
[debug] [2026-01-25T10:07:14.314Z] > authorizing via signed-in user (marsaru22@gmail.com)
[error] Failed to fetch Firebase Project from Studio Workspace because WORKSPACE_SLUG environment variable is empty
[error] Failed to fetch Firebase Project from Studio Workspace because WORKSPACE_SLUG environment variable is empty
[debug] [2026-01-25T10:44:45.735Z] > command requires scopes: ["email","openid","https://www.googleapis.com/auth/cloudplatformprojects.readonly","https://www.googleapis.com/auth/firebase","https://www.googleapis.com/auth/cloud-platform","https://www.googleapis.com/auth/userinfo.email"]
[debug] [2026-01-25T10:44:45.736Z] > authorizing via signed-in user (marsaru22@gmail.com)
[error] Failed to fetch Firebase Project from Studio Workspace because WORKSPACE_SLUG environment variable is empty
[error] Failed to fetch Firebase Project from Studio Workspace because WORKSPACE_SLUG environment variable is empty
[debug] [2026-01-25T10:44:45.774Z] > command requires scopes: ["email","openid","https://www.googleapis.com/auth/cloudplatformprojects.readonly","https://www.googleapis.com/auth/firebase","https://www.googleapis.com/auth/cloud-platform","https://www.googleapis.com/auth/userinfo.email"]
[debug] [2026-01-25T10:44:45.775Z] > authorizing via signed-in user (marsaru22@gmail.com)
[error] Failed to fetch Firebase Project from Studio Workspace because WORKSPACE_SLUG environment variable is empty
[error] Failed to fetch Firebase Project from Studio Workspace because WORKSPACE_SLUG environment variable is empty
[error] Failed to fetch Firebase Project from Studio Workspace because WORKSPACE_SLUG environment variable is empty
[debug] [2026-01-25T10:44:46.215Z] > command requires scopes: ["email","openid","https://www.googleapis.com/auth/cloudplatformprojects.readonly","https://www.googleapis.com/auth/firebase","https://www.googleapis.com/auth/cloud-platform","https://www.googleapis.com/auth/userinfo.email"]
[debug] [2026-01-25T10:44:46.216Z] > authorizing via signed-in user (marsaru22@gmail.com)
[error] Failed to fetch Firebase Project from Studio Workspace because WORKSPACE_SLUG environment variable is empty
[debug] [2026-01-25T10:44:46.237Z] > command requires scopes: ["email","openid","https://www.googleapis.com/auth/cloudplatformprojects.readonly","https://www.googleapis.com/auth/firebase","https://www.googleapis.com/auth/cloud-platform","https://www.googleapis.com/auth/userinfo.email"]
[debug] [2026-01-25T10:44:46.238Z] > authorizing via signed-in user (marsaru22@gmail.com)
[error] Failed to fetch Firebase Project from Studio Workspace because WORKSPACE_SLUG environment variable is empty
[error] Failed to fetch Firebase Project from Studio Workspace because WORKSPACE_SLUG environment variable is empty
[error] Failed to fetch Firebase Project from Studio Workspace because WORKSPACE_SLUG environment variable is empty
[debug] [2026-01-25T10:44:46.302Z] > command requires scopes: ["email","openid","https://www.googleapis.com/auth/cloudplatformprojects.readonly","https://www.googleapis.com/auth/firebase","https://www.googleapis.com/auth/cloud-platform","https://www.googleapis.com/auth/userinfo.email"]
[debug] [2026-01-25T10:44:46.303Z] > authorizing via signed-in user (marsaru22@gmail.com)
[error] Failed to fetch Firebase Project from Studio Workspace because WORKSPACE_SLUG environment variable is empty
[debug] [2026-01-25T10:44:46.306Z] > command requires scopes: ["email","openid","https://www.googleapis.com/auth/cloudplatformprojects.readonly","https://www.googleapis.com/auth/firebase","https://www.googleapis.com/auth/cloud-platform","https://www.googleapis.com/auth/userinfo.email"]
[debug] [2026-01-25T10:44:46.306Z] > authorizing via signed-in user (marsaru22@gmail.com)
[error] Failed to fetch Firebase Project from Studio Workspace because WORKSPACE_SLUG environment variable is empty
[error] Failed to fetch Firebase Project from Studio Workspace because WORKSPACE_SLUG environment variable is empty
[error] Failed to fetch Firebase Project from Studio Workspace because WORKSPACE_SLUG environment variable is empty
[debug] [2026-01-25T10:44:46.322Z] > command requires scopes: ["email","openid","https://www.googleapis.com/auth/cloudplatformprojects.readonly","https://www.googleapis.com/auth/firebase","https://www.googleapis.com/auth/cloud-platform","https://www.googleapis.com/auth/userinfo.email"]
[debug] [2026-01-25T10:44:46.322Z] > authorizing via signed-in user (marsaru22@gmail.com)
[error] Failed to fetch Firebase Project from Studio Workspace because WORKSPACE_SLUG environment variable is empty
[debug] [2026-01-25T10:44:46.323Z] > command requires scopes: ["email","openid","https://www.googleapis.com/auth/cloudplatformprojects.readonly","https://www.googleapis.com/auth/firebase","https://www.googleapis.com/auth/cloud-platform","https://www.googleapis.com/auth/userinfo.email"]
[debug] [2026-01-25T10:44:46.323Z] > authorizing via signed-in user (marsaru22@gmail.com)
[error] Failed to fetch Firebase Project from Studio Workspace because WORKSPACE_SLUG environment variable is empty
[error] Failed to fetch Firebase Project from Studio Workspace because WORKSPACE_SLUG environment variable is empty
[error] Failed to fetch Firebase Project from Studio Workspace because WORKSPACE_SLUG environment variable is empty
[error] Failed to fetch Firebase Project from Studio Workspace because WORKSPACE_SLUG environment variable is empty
[debug] [2026-01-25T11:13:04.510Z] > command requires scopes: ["email","openid","https://www.googleapis.com/auth/cloudplatformprojects.readonly","https://www.googleapis.com/auth/firebase","https://www.googleapis.com/auth/cloud-platform","https://www.googleapis.com/auth/userinfo.email"]
[debug] [2026-01-25T11:13:04.513Z] > command requires scopes: ["email","openid","https://www.googleapis.com/auth/cloudplatformprojects.readonly","https://www.googleapis.com/auth/firebase","https://www.googleapis.com/auth/cloud-platform","https://www.googleapis.com/auth/userinfo.email"]
[debug] [2026-01-25T11:13:27.162Z] Running auto auth
[debug] [2026-01-25T11:13:27.163Z] Running auto auth
[error] Failed to fetch Firebase Project from Studio Workspace because WORKSPACE_SLUG environment variable is empty
[error] Failed to fetch Firebase Project from Studio Workspace because WORKSPACE_SLUG environment variable is empty
[error] Failed to fetch Firebase Project from Studio Workspace because WORKSPACE_SLUG environment variable is empty
[debug] [2026-01-25T11:13:27.684Z] > command requires scopes: ["email","openid","https://www.googleapis.com/auth/cloudplatformprojects.readonly","https://www.googleapis.com/auth/firebase","https://www.googleapis.com/auth/cloud-platform","https://www.googleapis.com/auth/userinfo.email"]
[debug] [2026-01-25T11:13:27.684Z] > authorizing via signed-in user (marsaru22@gmail.com)
[error] Failed to fetch Firebase Project from Studio Workspace because WORKSPACE_SLUG environment variable is empty
[debug] [2026-01-25T11:13:27.691Z] > command requires scopes: ["email","openid","https://www.googleapis.com/auth/cloudplatformprojects.readonly","https://www.googleapis.com/auth/firebase","https://www.googleapis.com/auth/cloud-platform","https://www.googleapis.com/auth/userinfo.email"]
[debug] [2026-01-25T11:13:27.691Z] > authorizing via signed-in user (marsaru22@gmail.com)
[error] Failed to fetch Firebase Project from Studio Workspace because WORKSPACE_SLUG environment variable is empty
[error] Failed to fetch Firebase Project from Studio Workspace because WORKSPACE_SLUG environment variable is empty
[error] Failed to fetch Firebase Project from Studio Workspace because WORKSPACE_SLUG environment variable is empty
[debug] [2026-01-25T11:13:27.754Z] > command requires scopes: ["email","openid","https://www.googleapis.com/auth/cloudplatformprojects.readonly","https://www.googleapis.com/auth/firebase","https://www.googleapis.com/auth/cloud-platform","https://www.googleapis.com/auth/userinfo.email"]
[debug] [2026-01-25T11:13:27.754Z] > authorizing via signed-in user (marsaru22@gmail.com)
[error] Failed to fetch Firebase Project from Studio Workspace because WORKSPACE_SLUG environment variable is empty
[debug] [2026-01-25T11:13:27.758Z] > command requires scopes: ["email","openid","https://www.googleapis.com/auth/cloudplatformprojects.readonly","https://www.googleapis.com/auth/firebase","https://www.googleapis.com/auth/cloud-platform","https://www.googleapis.com/auth/userinfo.email"]
[debug] [2026-01-25T11:13:27.758Z] > authorizing via signed-in user (marsaru22@gmail.com)
[error] Failed to fetch Firebase Project from Studio Workspace because WORKSPACE_SLUG environment variable is empty
[error] Failed to fetch Firebase Project from Studio Workspace because WORKSPACE_SLUG environment variable is empty
[error] Failed to fetch Firebase Project from Studio Workspace because WORKSPACE_SLUG environment variable is empty
[debug] [2026-01-25T11:13:27.769Z] > command requires scopes: ["email","openid","https://www.googleapis.com/auth/cloudplatformprojects.readonly","https://www.googleapis.com/auth/firebase","https://www.googleapis.com/auth/cloud-platform","https://www.googleapis.com/auth/userinfo.email"]
[debug] [2026-01-25T11:13:27.769Z] > authorizing via signed-in user (marsaru22@gmail.com)
[error] Failed to fetch Firebase Project from Studio Workspace because WORKSPACE_SLUG environment variable is empty
[debug] [2026-01-25T11:13:27.773Z] > command requires scopes: ["email","openid","https://www.googleapis.com/auth/cloudplatformprojects.readonly","https://www.googleapis.com/auth/firebase","https://www.googleapis.com/auth/cloud-platform","https://www.googleapis.com/auth/userinfo.email"]
[debug] [2026-01-25T11:13:27.773Z] > authorizing via signed-in user (marsaru22@gmail.com)
[error] Failed to fetch Firebase Project from Studio Workspace because WORKSPACE_SLUG environment variable is empty
[error] Failed to fetch Firebase Project from Studio Workspace because WORKSPACE_SLUG environment variable is empty
[error] Failed to fetch Firebase Project from Studio Workspace because WORKSPACE_SLUG environment variable is empty
[error] Failed to fetch Firebase Project from Studio Workspace because WORKSPACE_SLUG environment variable is empty
[debug] [2026-01-25T11:30:16.257Z] > command requires scopes: ["email","openid","https://www.googleapis.com/auth/cloudplatformprojects.readonly","https://www.googleapis.com/auth/firebase","https://www.googleapis.com/auth/cloud-platform","https://www.googleapis.com/auth/userinfo.email"]
[debug] [2026-01-25T11:30:16.258Z] > authorizing via signed-in user (marsaru22@gmail.com)
[debug] [2026-01-25T11:30:16.300Z] > command requires scopes: ["email","openid","https://www.googleapis.com/auth/cloudplatformprojects.readonly","https://www.googleapis.com/auth/firebase","https://www.googleapis.com/auth/cloud-platform","https://www.googleapis.com/auth/userinfo.email"]
[debug] [2026-01-25T11:30:16.301Z] > authorizing via signed-in user (marsaru22@gmail.com)
[error] Failed to fetch Firebase Project from Studio Workspace because WORKSPACE_SLUG environment variable is empty
[error] Failed to fetch Firebase Project from Studio Workspace because WORKSPACE_SLUG environment variable is empty
[error] Failed to fetch Firebase Project from Studio Workspace because WORKSPACE_SLUG environment variable is empty
[debug] [2026-01-25T11:30:16.481Z] > command requires scopes: ["email","openid","https://www.googleapis.com/auth/cloudplatformprojects.readonly","https://www.googleapis.com/auth/firebase","https://www.googleapis.com/auth/cloud-platform","https://www.googleapis.com/auth/userinfo.email"]
[debug] [2026-01-25T11:30:16.481Z] > authorizing via signed-in user (marsaru22@gmail.com)
[error] Failed to fetch Firebase Project from Studio Workspace because WORKSPACE_SLUG environment variable is empty
[debug] [2026-01-25T11:30:16.485Z] > command requires scopes: ["email","openid","https://www.googleapis.com/auth/cloudplatformprojects.readonly","https://www.googleapis.com/auth/firebase","https://www.googleapis.com/auth/cloud-platform","https://www.googleapis.com/auth/userinfo.email"]
[debug] [2026-01-25T11:30:16.485Z] > authorizing via signed-in user (marsaru22@gmail.com)
[error] Failed to fetch Firebase Project from Studio Workspace because WORKSPACE_SLUG environment variable is empty
[error] Failed to fetch Firebase Project from Studio Workspace because WORKSPACE_SLUG environment variable is empty
[error] Failed to fetch Firebase Project from Studio Workspace because WORKSPACE_SLUG environment variable is empty
[error] Failed to fetch Firebase Project from Studio Workspace because WORKSPACE_SLUG environment variable is empty
[error] Failed to fetch Firebase Project from Studio Workspace because WORKSPACE_SLUG environment variable is empty
[error] Failed to fetch Firebase Project from Studio Workspace because WORKSPACE_SLUG environment variable is empty
[debug] [2026-01-25T11:30:16.522Z] > command requires scopes: ["email","openid","https://www.googleapis.com/auth/cloudplatformprojects.readonly","https://www.googleapis.com/auth/firebase","https://www.googleapis.com/auth/cloud-platform","https://www.googleapis.com/auth/userinfo.email"]
[debug] [2026-01-25T11:30:16.522Z] > authorizing via signed-in user (marsaru22@gmail.com)
[debug] [2026-01-25T11:30:16.524Z] > command requires scopes: ["email","openid","https://www.googleapis.com/auth/cloudplatformprojects.readonly","https://www.googleapis.com/auth/firebase","https://www.googleapis.com/auth/cloud-platform","https://www.googleapis.com/auth/userinfo.email"]
[debug] [2026-01-25T11:30:16.525Z] > authorizing via signed-in user (marsaru22@gmail.com)
[error] Failed to fetch Firebase Project from Studio Workspace because WORKSPACE_SLUG environment variable is empty
[error] Failed to fetch Firebase Project from Studio Workspace because WORKSPACE_SLUG environment variable is empty
[debug] [2026-01-25T11:30:16.529Z] > command requires scopes: ["email","openid","https://www.googleapis.com/auth/cloudplatformprojects.readonly","https://www.googleapis.com/auth/firebase","https://www.googleapis.com/auth/cloud-platform","https://www.googleapis.com/auth/userinfo.email"]
[debug] [2026-01-25T11:30:16.529Z] > authorizing via signed-in user (marsaru22@gmail.com)
[debug] [2026-01-25T11:30:16.529Z] > command requires scopes: ["email","openid","https://www.googleapis.com/auth/cloudplatformprojects.readonly","https://www.googleapis.com/auth/firebase","https://www.googleapis.com/auth/cloud-platform","https://www.googleapis.com/auth/userinfo.email"]
[debug] [2026-01-25T11:30:16.529Z] > authorizing via signed-in user (marsaru22@gmail.com)
[error] Failed to fetch Firebase Project from Studio Workspace because WORKSPACE_SLUG environment variable is empty
[error] Failed to fetch Firebase Project from Studio Workspace because WORKSPACE_SLUG environment variable is empty
[error] Failed to fetch Firebase Project from Studio Workspace because WORKSPACE_SLUG environment variable is empty
[error] Failed to fetch Firebase Project from Studio Workspace because WORKSPACE_SLUG environment variable is empty
[debug] [2026-01-25T12:03:47.299Z] > command requires scopes: ["email","openid","https://www.googleapis.com/auth/cloudplatformprojects.readonly","https://www.googleapis.com/auth/firebase","https://www.googleapis.com/auth/cloud-platform","https://www.googleapis.com/auth/userinfo.email"]
[debug] [2026-01-25T12:03:47.300Z] > authorizing via signed-in user (marsaru22@gmail.com)
[debug] [2026-01-25T12:03:47.327Z] > command requires scopes: ["email","openid","https://www.googleapis.com/auth/cloudplatformprojects.readonly","https://www.googleapis.com/auth/firebase","https://www.googleapis.com/auth/cloud-platform","https://www.googleapis.com/auth/userinfo.email"]
[debug] [2026-01-25T12:03:47.328Z] > authorizing via signed-in user (marsaru22@gmail.com)
[error] Failed to fetch Firebase Project from Studio Workspace because WORKSPACE_SLUG environment variable is empty
[error] Failed to fetch Firebase Project from Studio Workspace because WORKSPACE_SLUG environment variable is empty
[error] Failed to fetch Firebase Project from Studio Workspace because WORKSPACE_SLUG environment variable is empty
[debug] [2026-01-25T12:03:47.572Z] > command requires scopes: ["email","openid","https://www.googleapis.com/auth/cloudplatformprojects.readonly","https://www.googleapis.com/auth/firebase","https://www.googleapis.com/auth/cloud-platform","https://www.googleapis.com/auth/userinfo.email"]
[debug] [2026-01-25T12:03:47.575Z] > authorizing via signed-in user (marsaru22@gmail.com)
[error] Failed to fetch Firebase Project from Studio Workspace because WORKSPACE_SLUG environment variable is empty
[debug] [2026-01-25T12:03:47.582Z] > command requires scopes: ["email","openid","https://www.googleapis.com/auth/cloudplatformprojects.readonly","https://www.googleapis.com/auth/firebase","https://www.googleapis.com/auth/cloud-platform","https://www.googleapis.com/auth/userinfo.email"]
[debug] [2026-01-25T12:03:47.583Z] > authorizing via signed-in user (marsaru22@gmail.com)
[error] Failed to fetch Firebase Project from Studio Workspace because WORKSPACE_SLUG environment variable is empty
[error] Failed to fetch Firebase Project from Studio Workspace because WORKSPACE_SLUG environment variable is empty
[error] Failed to fetch Firebase Project from Studio Workspace because WORKSPACE_SLUG environment variable is empty
[debug] [2026-01-25T12:03:47.638Z] > command requires scopes: ["email","openid","https://www.googleapis.com/auth/cloudplatformprojects.readonly","https://www.googleapis.com/auth/firebase","https://www.googleapis.com/auth/cloud-platform","https://www.googleapis.com/auth/userinfo.email"]
[debug] [2026-01-25T12:03:47.638Z] > authorizing via signed-in user (marsaru22@gmail.com)
[error] Failed to fetch Firebase Project from Studio Workspace because WORKSPACE_SLUG environment variable is empty
[debug] [2026-01-25T12:03:47.641Z] > command requires scopes: ["email","openid","https://www.googleapis.com/auth/cloudplatformprojects.readonly","https://www.googleapis.com/auth/firebase","https://www.googleapis.com/auth/cloud-platform","https://www.googleapis.com/auth/userinfo.email"]
[debug] [2026-01-25T12:03:47.641Z] > authorizing via signed-in user (marsaru22@gmail.com)
[error] Failed to fetch Firebase Project from Studio Workspace because WORKSPACE_SLUG environment variable is empty
[error] Failed to fetch Firebase Project from Studio Workspace because WORKSPACE_SLUG environment variable is empty
[error] Failed to fetch Firebase Project from Studio Workspace because WORKSPACE_SLUG environment variable is empty
[debug] [2026-01-25T12:03:47.653Z] > command requires scopes: ["email","openid","https://www.googleapis.com/auth/cloudplatformprojects.readonly","https://www.googleapis.com/auth/firebase","https://www.googleapis.com/auth/cloud-platform","https://www.googleapis.com/auth/userinfo.email"]
[debug] [2026-01-25T12:03:47.653Z] > authorizing via signed-in user (marsaru22@gmail.com)
[error] Failed to fetch Firebase Project from Studio Workspace because WORKSPACE_SLUG environment variable is empty
[debug] [2026-01-25T12:03:47.655Z] > command requires scopes: ["email","openid","https://www.googleapis.com/auth/cloudplatformprojects.readonly","https://www.googleapis.com/auth/firebase","https://www.googleapis.com/auth/cloud-platform","https://www.googleapis.com/auth/userinfo.email"]
[debug] [2026-01-25T12:03:47.656Z] > authorizing via signed-in user (marsaru22@gmail.com)
[error] Failed to fetch Firebase Project from Studio Workspace because WORKSPACE_SLUG environment variable is empty
[error] Failed to fetch Firebase Project from Studio Workspace because WORKSPACE_SLUG environment variable is empty
[error] Failed to fetch Firebase Project from Studio Workspace because WORKSPACE_SLUG environment variable is empty
[error] Failed to fetch Firebase Project from Studio Workspace because WORKSPACE_SLUG environment variable is empty
[debug] [2026-01-25T12:31:56.304Z] > command requires scopes: ["email","openid","https://www.googleapis.com/auth/cloudplatformprojects.readonly","https://www.googleapis.com/auth/firebase","https://www.googleapis.com/auth/cloud-platform","https://www.googleapis.com/auth/userinfo.email"]
[debug] [2026-01-25T12:31:56.307Z] > command requires scopes: ["email","openid","https://www.googleapis.com/auth/cloudplatformprojects.readonly","https://www.googleapis.com/auth/firebase","https://www.googleapis.com/auth/cloud-platform","https://www.googleapis.com/auth/userinfo.email"]
[error] Failed to fetch Firebase Project from Studio Workspace because WORKSPACE_SLUG environment variable is empty
[error] Failed to fetch Firebase Project from Studio Workspace because WORKSPACE_SLUG environment variable is empty
[error] Failed to fetch Firebase Project from Studio Workspace because WORKSPACE_SLUG environment variable is empty
[debug] [2026-01-25T12:32:14.713Z] > command requires scopes: ["email","openid","https://www.googleapis.com/auth/cloudplatformprojects.readonly","https://www.googleapis.com/auth/firebase","https://www.googleapis.com/auth/cloud-platform","https://www.googleapis.com/auth/userinfo.email"]
[error] Failed to fetch Firebase Project from Studio Workspace because WORKSPACE_SLUG environment variable is empty
[debug] [2026-01-25T12:32:17.359Z] > command requires scopes: ["email","openid","https://www.googleapis.com/auth/cloudplatformprojects.readonly","https://www.googleapis.com/auth/firebase","https://www.googleapis.com/auth/cloud-platform","https://www.googleapis.com/auth/userinfo.email"]
[error] Failed to fetch Firebase Project from Studio Workspace because WORKSPACE_SLUG environment variable is empty
[error] Failed to fetch Firebase Project from Studio Workspace because WORKSPACE_SLUG environment variable is empty
[error] Failed to fetch Firebase Project from Studio Workspace because WORKSPACE_SLUG environment variable is empty
[debug] [2026-01-25T12:32:17.397Z] > command requires scopes: ["email","openid","https://www.googleapis.com/auth/cloudplatformprojects.readonly","https://www.googleapis.com/auth/firebase","https://www.googleapis.com/auth/cloud-platform","https://www.googleapis.com/auth/userinfo.email"]
[error] Failed to fetch Firebase Project from Studio Workspace because WORKSPACE_SLUG environment variable is empty
[error] Failed to fetch Firebase Project from Studio Workspace because WORKSPACE_SLUG environment variable is empty
[error] Failed to fetch Firebase Project from Studio Workspace because WORKSPACE_SLUG environment variable is empty
[debug] [2026-01-25T12:32:17.423Z] > command requires scopes: ["email","openid","https://www.googleapis.com/auth/cloudplatformprojects.readonly","https://www.googleapis.com/auth/firebase","https://www.googleapis.com/auth/cloud-platform","https://www.googleapis.com/auth/userinfo.email"]
[error] Failed to fetch Firebase Project from Studio Workspace because WORKSPACE_SLUG environment variable is empty
[error] Failed to fetch Firebase Project from Studio Workspace because WORKSPACE_SLUG environment variable is empty
[debug] [2026-01-25T12:32:20.022Z] > command requires scopes: ["email","openid","https://www.googleapis.com/auth/cloudplatformprojects.readonly","https://www.googleapis.com/auth/firebase","https://www.googleapis.com/auth/cloud-platform","https://www.googleapis.com/auth/userinfo.email"]
[debug] [2026-01-25T12:32:20.023Z] > command requires scopes: ["email","openid","https://www.googleapis.com/auth/cloudplatformprojects.readonly","https://www.googleapis.com/auth/firebase","https://www.googleapis.com/auth/cloud-platform","https://www.googleapis.com/auth/userinfo.email"]
[error] Failed to fetch Firebase Project from Studio Workspace because WORKSPACE_SLUG environment variable is empty
[error] Failed to fetch Firebase Project from Studio Workspace because WORKSPACE_SLUG environment variable is empty
[error] Failed to fetch Firebase Project from Studio Workspace because WORKSPACE_SLUG environment variable is empty
[error] Failed to fetch Firebase Project from Studio Workspace because WORKSPACE_SLUG environment variable is empty
[debug] [2026-01-25T13:27:58.424Z] > command requires scopes: ["email","openid","https://www.googleapis.com/auth/cloudplatformprojects.readonly","https://www.googleapis.com/auth/firebase","https://www.googleapis.com/auth/cloud-platform","https://www.googleapis.com/auth/userinfo.email"]
[debug] [2026-01-25T13:27:58.427Z] > command requires scopes: ["email","openid","https://www.googleapis.com/auth/cloudplatformprojects.readonly","https://www.googleapis.com/auth/firebase","https://www.googleapis.com/auth/cloud-platform","https://www.googleapis.com/auth/userinfo.email"]
[error] Failed to fetch Firebase Project from Studio Workspace because WORKSPACE_SLUG environment variable is empty
[error] Failed to fetch Firebase Project from Studio Workspace because WORKSPACE_SLUG environment variable is empty
[error] Failed to fetch Firebase Project from Studio Workspace because WORKSPACE_SLUG environment variable is empty
[debug] [2026-01-25T13:28:26.110Z] > command requires scopes: ["email","openid","https://www.googleapis.com/auth/cloudplatformprojects.readonly","https://www.googleapis.com/auth/firebase","https://www.googleapis.com/auth/cloud-platform","https://www.googleapis.com/auth/userinfo.email"]
[error] Failed to fetch Firebase Project from Studio Workspace because WORKSPACE_SLUG environment variable is empty
[debug] [2026-01-25T13:28:28.943Z] > command requires scopes: ["email","openid","https://www.googleapis.com/auth/cloudplatformprojects.readonly","https://www.googleapis.com/auth/firebase","https://www.googleapis.com/auth/cloud-platform","https://www.googleapis.com/auth/userinfo.email"]
[error] Failed to fetch Firebase Project from Studio Workspace because WORKSPACE_SLUG environment variable is empty
[error] Failed to fetch Firebase Project from Studio Workspace because WORKSPACE_SLUG environment variable is empty
[error] Failed to fetch Firebase Project from Studio Workspace because WORKSPACE_SLUG environment variable is empty
[debug] [2026-01-25T13:28:28.979Z] > command requires scopes: ["email","openid","https://www.googleapis.com/auth/cloudplatformprojects.readonly","https://www.googleapis.com/auth/firebase","https://www.googleapis.com/auth/cloud-platform","https://www.googleapis.com/auth/userinfo.email"]
[error] Failed to fetch Firebase Project from Studio Workspace because WORKSPACE_SLUG environment variable is empty
[error] Failed to fetch Firebase Project from Studio Workspace because WORKSPACE_SLUG environment variable is empty
[error] Failed to fetch Firebase Project from Studio Workspace because WORKSPACE_SLUG environment variable is empty
[debug] [2026-01-25T13:28:28.993Z] > command requires scopes: ["email","openid","https://www.googleapis.com/auth/cloudplatformprojects.readonly","https://www.googleapis.com/auth/firebase","https://www.googleapis.com/auth/cloud-platform","https://www.googleapis.com/auth/userinfo.email"]
[error] Failed to fetch Firebase Project from Studio Workspace because WORKSPACE_SLUG environment variable is empty
[error] Failed to fetch Firebase Project from Studio Workspace because WORKSPACE_SLUG environment variable is empty
[debug] [2026-01-25T13:28:31.681Z] > command requires scopes: ["email","openid","https://www.googleapis.com/auth/cloudplatformprojects.readonly","https://www.googleapis.com/auth/firebase","https://www.googleapis.com/auth/cloud-platform","https://www.googleapis.com/auth/userinfo.email"]
[debug] [2026-01-25T13:28:31.681Z] > command requires scopes: ["email","openid","https://www.googleapis.com/auth/cloudplatformprojects.readonly","https://www.googleapis.com/auth/firebase","https://www.googleapis.com/auth/cloud-platform","https://www.googleapis.com/auth/userinfo.email"]
[error] Failed to fetch Firebase Project from Studio Workspace because WORKSPACE_SLUG environment variable is empty
[error] Failed to fetch Firebase Project from Studio Workspace because WORKSPACE_SLUG environment variable is empty
[error] Failed to fetch Firebase Project from Studio Workspace because WORKSPACE_SLUG environment variable is empty
[error] Failed to fetch Firebase Project from Studio Workspace because WORKSPACE_SLUG environment variable is empty
[debug] [2026-01-25T13:50:17.186Z] > command requires scopes: ["email","openid","https://www.googleapis.com/auth/cloudplatformprojects.readonly","https://www.googleapis.com/auth/firebase","https://www.googleapis.com/auth/cloud-platform","https://www.googleapis.com/auth/userinfo.email"]
[debug] [2026-01-25T13:50:17.208Z] > command requires scopes: ["email","openid","https://www.googleapis.com/auth/cloudplatformprojects.readonly","https://www.googleapis.com/auth/firebase","https://www.googleapis.com/auth/cloud-platform","https://www.googleapis.com/auth/userinfo.email"]
[error] Failed to fetch Firebase Project from Studio Workspace because WORKSPACE_SLUG environment variable is empty
[error] Failed to fetch Firebase Project from Studio Workspace because WORKSPACE_SLUG environment variable is empty
[error] Failed to fetch Firebase Project from Studio Workspace because WORKSPACE_SLUG environment variable is empty
[debug] [2026-01-25T13:50:31.409Z] > command requires scopes: ["email","openid","https://www.googleapis.com/auth/cloudplatformprojects.readonly","https://www.googleapis.com/auth/firebase","https://www.googleapis.com/auth/cloud-platform","https://www.googleapis.com/auth/userinfo.email"]
[error] Failed to fetch Firebase Project from Studio Workspace because WORKSPACE_SLUG environment variable is empty
[debug] [2026-01-25T13:50:34.141Z] > command requires scopes: ["email","openid","https://www.googleapis.com/auth/cloudplatformprojects.readonly","https://www.googleapis.com/auth/firebase","https://www.googleapis.com/auth/cloud-platform","https://www.googleapis.com/auth/userinfo.email"]
[error] Failed to fetch Firebase Project from Studio Workspace because WORKSPACE_SLUG environment variable is empty
[error] Failed to fetch Firebase Project from Studio Workspace because WORKSPACE_SLUG environment variable is empty
[error] Failed to fetch Firebase Project from Studio Workspace because WORKSPACE_SLUG environment variable is empty
[debug] [2026-01-25T13:50:34.216Z] > command requires scopes: ["email","openid","https://www.googleapis.com/auth/cloudplatformprojects.readonly","https://www.googleapis.com/auth/firebase","https://www.googleapis.com/auth/cloud-platform","https://www.googleapis.com/auth/userinfo.email"]
[error] Failed to fetch Firebase Project from Studio Workspace because WORKSPACE_SLUG environment variable is empty
[error] Failed to fetch Firebase Project from Studio Workspace because WORKSPACE_SLUG environment variable is empty
[error] Failed to fetch Firebase Project from Studio Workspace because WORKSPACE_SLUG environment variable is empty
[debug] [2026-01-25T13:50:34.257Z] > command requires scopes: ["email","openid","https://www.googleapis.com/auth/cloudplatformprojects.readonly","https://www.googleapis.com/auth/firebase","https://www.googleapis.com/auth/cloud-platform","https://www.googleapis.com/auth/userinfo.email"]
[error] Failed to fetch Firebase Project from Studio Workspace because WORKSPACE_SLUG environment variable is empty
[error] Failed to fetch Firebase Project from Studio Workspace because WORKSPACE_SLUG environment variable is empty
[debug] [2026-01-25T13:50:36.897Z] > command requires scopes: ["email","openid","https://www.googleapis.com/auth/cloudplatformprojects.readonly","https://www.googleapis.com/auth/firebase","https://www.googleapis.com/auth/cloud-platform","https://www.googleapis.com/auth/userinfo.email"]
[debug] [2026-01-25T13:50:36.897Z] > command requires scopes: ["email","openid","https://www.googleapis.com/auth/cloudplatformprojects.readonly","https://www.googleapis.com/auth/firebase","https://www.googleapis.com/auth/cloud-platform","https://www.googleapis.com/auth/userinfo.email"]
[error] Failed to fetch Firebase Project from Studio Workspace because WORKSPACE_SLUG environment variable is empty
[error] Failed to fetch Firebase Project from Studio Workspace because WORKSPACE_SLUG environment variable is empty
[error] Failed to fetch Firebase Project from Studio Workspace because WORKSPACE_SLUG environment variable is empty
[error] Failed to fetch Firebase Project from Studio Workspace because WORKSPACE_SLUG environment variable is empty
[debug] [2026-01-25T13:52:10.604Z] > command requires scopes: ["email","openid","https://www.googleapis.com/auth/cloudplatformprojects.readonly","https://www.googleapis.com/auth/firebase","https://www.googleapis.com/auth/cloud-platform","https://www.googleapis.com/auth/userinfo.email"]
[debug] [2026-01-25T13:52:10.608Z] > command requires scopes: ["email","openid","https://www.googleapis.com/auth/cloudplatformprojects.readonly","https://www.googleapis.com/auth/firebase","https://www.googleapis.com/auth/cloud-platform","https://www.googleapis.com/auth/userinfo.email"]
[error] Failed to fetch Firebase Project from Studio Workspace because WORKSPACE_SLUG environment variable is empty
[error] Failed to fetch Firebase Project from Studio Workspace because WORKSPACE_SLUG environment variable is empty
[error] Failed to fetch Firebase Project from Studio Workspace because WORKSPACE_SLUG environment variable is empty
[error] Failed to fetch Firebase Project from Studio Workspace because WORKSPACE_SLUG environment variable is empty
[debug] [2026-01-25T13:53:10.592Z] > command requires scopes: ["email","openid","https://www.googleapis.com/auth/cloudplatformprojects.readonly","https://www.googleapis.com/auth/firebase","https://www.googleapis.com/auth/cloud-platform","https://www.googleapis.com/auth/userinfo.email"]
[debug] [2026-01-25T13:53:10.592Z] > command requires scopes: ["email","openid","https://www.googleapis.com/auth/cloudplatformprojects.readonly","https://www.googleapis.com/auth/firebase","https://www.googleapis.com/auth/cloud-platform","https://www.googleapis.com/auth/userinfo.email"]
[error] Failed to fetch Firebase Project from Studio Workspace because WORKSPACE_SLUG environment variable is empty
[error] Failed to fetch Firebase Project from Studio Workspace because WORKSPACE_SLUG environment variable is empty
[error] Failed to fetch Firebase Project from Studio Workspace because WORKSPACE_SLUG environment variable is empty
[debug] [2026-01-25T13:53:17.023Z] > command requires scopes: ["email","openid","https://www.googleapis.com/auth/cloudplatformprojects.readonly","https://www.googleapis.com/auth/firebase","https://www.googleapis.com/auth/cloud-platform","https://www.googleapis.com/auth/userinfo.email"]
[error] Failed to fetch Firebase Project from Studio Workspace because WORKSPACE_SLUG environment variable is empty
[error] Failed to fetch Firebase Project from Studio Workspace because WORKSPACE_SLUG environment variable is empty
[error] Failed to fetch Firebase Project from Studio Workspace because WORKSPACE_SLUG environment variable is empty
[debug] [2026-01-25T13:53:17.045Z] > command requires scopes: ["email","openid","https://www.googleapis.com/auth/cloudplatformprojects.readonly","https://www.googleapis.com/auth/firebase","https://www.googleapis.com/auth/cloud-platform","https://www.googleapis.com/auth/userinfo.email"]
[error] Failed to fetch Firebase Project from Studio Workspace because WORKSPACE_SLUG environment variable is empty
[error] Failed to fetch Firebase Project from Studio Workspace because WORKSPACE_SLUG environment variable is empty
[error] Failed to fetch Firebase Project from Studio Workspace because WORKSPACE_SLUG environment variable is empty
[debug] [2026-01-25T13:53:17.056Z] > command requires scopes: ["email","openid","https://www.googleapis.com/auth/cloudplatformprojects.readonly","https://www.googleapis.com/auth/firebase","https://www.googleapis.com/auth/cloud-platform","https://www.googleapis.com/auth/userinfo.email"]
[error] Failed to fetch Firebase Project from Studio Workspace because WORKSPACE_SLUG environment variable is empty
[error] Failed to fetch Firebase Project from Studio Workspace because WORKSPACE_SLUG environment variable is empty
[error] Failed to fetch Firebase Project from Studio Workspace because WORKSPACE_SLUG environment variable is empty
[debug] [2026-01-25T13:53:19.196Z] > command requires scopes: ["email","openid","https://www.googleapis.com/auth/cloudplatformprojects.readonly","https://www.googleapis.com/auth/firebase","https://www.googleapis.com/auth/cloud-platform","https://www.googleapis.com/auth/userinfo.email"]
[debug] [2026-01-25T13:53:19.198Z] > command requires scopes: ["email","openid","https://www.googleapis.com/auth/cloudplatformprojects.readonly","https://www.googleapis.com/auth/firebase","https://www.googleapis.com/auth/cloud-platform","https://www.googleapis.com/auth/userinfo.email"]
[debug] [2026-01-25T13:53:19.199Z] > command requires scopes: ["email","openid","https://www.googleapis.com/auth/cloudplatformprojects.readonly","https://www.googleapis.com/auth/firebase","https://www.googleapis.com/auth/cloud-platform","https://www.googleapis.com/auth/userinfo.email"]
[error] Failed to fetch Firebase Project from Studio Workspace because WORKSPACE_SLUG environment variable is empty
[error] Failed to fetch Firebase Project from Studio Workspace because WORKSPACE_SLUG environment variable is empty
[error] Failed to fetch Firebase Project from Studio Workspace because WORKSPACE_SLUG environment variable is empty
[error] Failed to fetch Firebase Project from Studio Workspace because WORKSPACE_SLUG environment variable is empty
[debug] [2026-01-25T13:55:25.782Z] > command requires scopes: ["email","openid","https://www.googleapis.com/auth/cloudplatformprojects.readonly","https://www.googleapis.com/auth/firebase","https://www.googleapis.com/auth/cloud-platform","https://www.googleapis.com/auth/userinfo.email"]
[debug] [2026-01-25T13:55:25.789Z] > command requires scopes: ["email","openid","https://www.googleapis.com/auth/cloudplatformprojects.readonly","https://www.googleapis.com/auth/firebase","https://www.googleapis.com/auth/cloud-platform","https://www.googleapis.com/auth/userinfo.email"]
[error] Failed to fetch Firebase Project from Studio Workspace because WORKSPACE_SLUG environment variable is empty
[error] Failed to fetch Firebase Project from Studio Workspace because WORKSPACE_SLUG environment variable is empty
[error] Failed to fetch Firebase Project from Studio Workspace because WORKSPACE_SLUG environment variable is empty
[debug] [2026-01-25T13:55:41.409Z] > command requires scopes: ["email","openid","https://www.googleapis.com/auth/cloudplatformprojects.readonly","https://www.googleapis.com/auth/firebase","https://www.googleapis.com/auth/cloud-platform","https://www.googleapis.com/auth/userinfo.email"]
[error] Failed to fetch Firebase Project from Studio Workspace because WORKSPACE_SLUG environment variable is empty
[debug] [2026-01-25T13:55:44.027Z] > command requires scopes: ["email","openid","https://www.googleapis.com/auth/cloudplatformprojects.readonly","https://www.googleapis.com/auth/firebase","https://www.googleapis.com/auth/cloud-platform","https://www.googleapis.com/auth/userinfo.email"]
[error] Failed to fetch Firebase Project from Studio Workspace because WORKSPACE_SLUG environment variable is empty
[error] Failed to fetch Firebase Project from Studio Workspace because WORKSPACE_SLUG environment variable is empty
[error] Failed to fetch Firebase Project from Studio Workspace because WORKSPACE_SLUG environment variable is empty
[debug] [2026-01-25T13:55:44.070Z] > command requires scopes: ["email","openid","https://www.googleapis.com/auth/cloudplatformprojects.readonly","https://www.googleapis.com/auth/firebase","https://www.googleapis.com/auth/cloud-platform","https://www.googleapis.com/auth/userinfo.email"]
[error] Failed to fetch Firebase Project from Studio Workspace because WORKSPACE_SLUG environment variable is empty
[error] Failed to fetch Firebase Project from Studio Workspace because WORKSPACE_SLUG environment variable is empty
[error] Failed to fetch Firebase Project from Studio Workspace because WORKSPACE_SLUG environment variable is empty
[debug] [2026-01-25T13:55:44.095Z] > command requires scopes: ["email","openid","https://www.googleapis.com/auth/cloudplatformprojects.readonly","https://www.googleapis.com/auth/firebase","https://www.googleapis.com/auth/cloud-platform","https://www.googleapis.com/auth/userinfo.email"]
[error] Failed to fetch Firebase Project from Studio Workspace because WORKSPACE_SLUG environment variable is empty
[error] Failed to fetch Firebase Project from Studio Workspace because WORKSPACE_SLUG environment variable is empty
[debug] [2026-01-25T13:55:46.784Z] > command requires scopes: ["email","openid","https://www.googleapis.com/auth/cloudplatformprojects.readonly","https://www.googleapis.com/auth/firebase","https://www.googleapis.com/auth/cloud-platform","https://www.googleapis.com/auth/userinfo.email"]
[debug] [2026-01-25T13:55:46.784Z] > command requires scopes: ["email","openid","https://www.googleapis.com/auth/cloudplatformprojects.readonly","https://www.googleapis.com/auth/firebase","https://www.googleapis.com/auth/cloud-platform","https://www.googleapis.com/auth/userinfo.email"]
[error] Failed to fetch Firebase Project from Studio Workspace because WORKSPACE_SLUG environment variable is empty
[error] Failed to fetch Firebase Project from Studio Workspace because WORKSPACE_SLUG environment variable is empty
[error] Failed to fetch Firebase Project from Studio Workspace because WORKSPACE_SLUG environment variable is empty
[error] Failed to fetch Firebase Project from Studio Workspace because WORKSPACE_SLUG environment variable is empty
[debug] [2026-01-25T14:07:46.982Z] > command requires scopes: ["email","openid","https://www.googleapis.com/auth/cloudplatformprojects.readonly","https://www.googleapis.com/auth/firebase","https://www.googleapis.com/auth/cloud-platform","https://www.googleapis.com/auth/userinfo.email"]
[debug] [2026-01-25T14:07:46.985Z] > command requires scopes: ["email","openid","https://www.googleapis.com/auth/cloudplatformprojects.readonly","https://www.googleapis.com/auth/firebase","https://www.googleapis.com/auth/cloud-platform","https://www.googleapis.com/auth/userinfo.email"]
[error] Failed to fetch Firebase Project from Studio Workspace because WORKSPACE_SLUG environment variable is empty
[error] Failed to fetch Firebase Project from Studio Workspace because WORKSPACE_SLUG environment variable is empty
[error] Failed to fetch Firebase Project from Studio Workspace because WORKSPACE_SLUG environment variable is empty
[debug] [2026-01-25T14:07:58.035Z] > command requires scopes: ["email","openid","https://www.googleapis.com/auth/cloudplatformprojects.readonly","https://www.googleapis.com/auth/firebase","https://www.googleapis.com/auth/cloud-platform","https://www.googleapis.com/auth/userinfo.email"]
[error] Failed to fetch Firebase Project from Studio Workspace because WORKSPACE_SLUG environment variable is empty
[debug] [2026-01-25T14:08:00.668Z] > command requires scopes: ["email","openid","https://www.googleapis.com/auth/cloudplatformprojects.readonly","https://www.googleapis.com/auth/firebase","https://www.googleapis.com/auth/cloud-platform","https://www.googleapis.com/auth/userinfo.email"]
[error] Failed to fetch Firebase Project from Studio Workspace because WORKSPACE_SLUG environment variable is empty
[error] Failed to fetch Firebase Project from Studio Workspace because WORKSPACE_SLUG environment variable is empty
[error] Failed to fetch Firebase Project from Studio Workspace because WORKSPACE_SLUG environment variable is empty
[debug] [2026-01-25T14:08:00.710Z] > command requires scopes: ["email","openid","https://www.googleapis.com/auth/cloudplatformprojects.readonly","https://www.googleapis.com/auth/firebase","https://www.googleapis.com/auth/cloud-platform","https://www.googleapis.com/auth/userinfo.email"]
[error] Failed to fetch Firebase Project from Studio Workspace because WORKSPACE_SLUG environment variable is empty
[error] Failed to fetch Firebase Project from Studio Workspace because WORKSPACE_SLUG environment variable is empty
[error] Failed to fetch Firebase Project from Studio Workspace because WORKSPACE_SLUG environment variable is empty
[debug] [2026-01-25T14:08:00.723Z] > command requires scopes: ["email","openid","https://www.googleapis.com/auth/cloudplatformprojects.readonly","https://www.googleapis.com/auth/firebase","https://www.googleapis.com/auth/cloud-platform","https://www.googleapis.com/auth/userinfo.email"]
[error] Failed to fetch Firebase Project from Studio Workspace because WORKSPACE_SLUG environment variable is empty
[error] Failed to fetch Firebase Project from Studio Workspace because WORKSPACE_SLUG environment variable is empty
[debug] [2026-01-25T14:08:03.311Z] > command requires scopes: ["email","openid","https://www.googleapis.com/auth/cloudplatformprojects.readonly","https://www.googleapis.com/auth/firebase","https://www.googleapis.com/auth/cloud-platform","https://www.googleapis.com/auth/userinfo.email"]
[debug] [2026-01-25T14:08:03.311Z] > command requires scopes: ["email","openid","https://www.googleapis.com/auth/cloudplatformprojects.readonly","https://www.googleapis.com/auth/firebase","https://www.googleapis.com/auth/cloud-platform","https://www.googleapis.com/auth/userinfo.email"]
[error] Failed to fetch Firebase Project from Studio Workspace because WORKSPACE_SLUG environment variable is empty
[error] Failed to fetch Firebase Project from Studio Workspace because WORKSPACE_SLUG environment variable is empty
[error] Failed to fetch Firebase Project from Studio Workspace because WORKSPACE_SLUG environment variable is empty
[error] Failed to fetch Firebase Project from Studio Workspace because WORKSPACE_SLUG environment variable is empty
[debug] [2026-01-25T14:14:56.876Z] > command requires scopes: ["email","openid","https://www.googleapis.com/auth/cloudplatformprojects.readonly","https://www.googleapis.com/auth/firebase","https://www.googleapis.com/auth/cloud-platform","https://www.googleapis.com/auth/userinfo.email"]
[debug] [2026-01-25T14:14:56.879Z] > command requires scopes: ["email","openid","https://www.googleapis.com/auth/cloudplatformprojects.readonly","https://www.googleapis.com/auth/firebase","https://www.googleapis.com/auth/cloud-platform","https://www.googleapis.com/auth/userinfo.email"]
[error] Failed to fetch Firebase Project from Studio Workspace because WORKSPACE_SLUG environment variable is empty
[error] Failed to fetch Firebase Project from Studio Workspace because WORKSPACE_SLUG environment variable is empty
[error] Failed to fetch Firebase Project from Studio Workspace because WORKSPACE_SLUG environment variable is empty
[debug] [2026-01-25T14:15:20.328Z] > command requires scopes: ["email","openid","https://www.googleapis.com/auth/cloudplatformprojects.readonly","https://www.googleapis.com/auth/firebase","https://www.googleapis.com/auth/cloud-platform","https://www.googleapis.com/auth/userinfo.email"]
[error] Failed to fetch Firebase Project from Studio Workspace because WORKSPACE_SLUG environment variable is empty
[debug] [2026-01-25T14:15:23.140Z] > command requires scopes: ["email","openid","https://www.googleapis.com/auth/cloudplatformprojects.readonly","https://www.googleapis.com/auth/firebase","https://www.googleapis.com/auth/cloud-platform","https://www.googleapis.com/auth/userinfo.email"]
[error] Failed to fetch Firebase Project from Studio Workspace because WORKSPACE_SLUG environment variable is empty
[error] Failed to fetch Firebase Project from Studio Workspace because WORKSPACE_SLUG environment variable is empty
[error] Failed to fetch Firebase Project from Studio Workspace because WORKSPACE_SLUG environment variable is empty
[debug] [2026-01-25T14:15:23.181Z] > command requires scopes: ["email","openid","https://www.googleapis.com/auth/cloudplatformprojects.readonly","https://www.googleapis.com/auth/firebase","https://www.googleapis.com/auth/cloud-platform","https://www.googleapis.com/auth/userinfo.email"]
[error] Failed to fetch Firebase Project from Studio Workspace because WORKSPACE_SLUG environment variable is empty
[error] Failed to fetch Firebase Project from Studio Workspace because WORKSPACE_SLUG environment variable is empty
[error] Failed to fetch Firebase Project from Studio Workspace because WORKSPACE_SLUG environment variable is empty
[debug] [2026-01-25T14:15:23.201Z] > command requires scopes: ["email","openid","https://www.googleapis.com/auth/cloudplatformprojects.readonly","https://www.googleapis.com/auth/firebase","https://www.googleapis.com/auth/cloud-platform","https://www.googleapis.com/auth/userinfo.email"]
[error] Failed to fetch Firebase Project from Studio Workspace because WORKSPACE_SLUG environment variable is empty
[error] Failed to fetch Firebase Project from Studio Workspace because WORKSPACE_SLUG environment variable is empty
[debug] [2026-01-25T14:15:25.810Z] > command requires scopes: ["email","openid","https://www.googleapis.com/auth/cloudplatformprojects.readonly","https://www.googleapis.com/auth/firebase","https://www.googleapis.com/auth/cloud-platform","https://www.googleapis.com/auth/userinfo.email"]
[debug] [2026-01-25T14:15:25.810Z] > command requires scopes: ["email","openid","https://www.googleapis.com/auth/cloudplatformprojects.readonly","https://www.googleapis.com/auth/firebase","https://www.googleapis.com/auth/cloud-platform","https://www.googleapis.com/auth/userinfo.email"]
[error] Failed to fetch Firebase Project from Studio Workspace because WORKSPACE_SLUG environment variable is empty
[error] Failed to fetch Firebase Project from Studio Workspace because WORKSPACE_SLUG environment variable is empty
[error] Failed to fetch Firebase Project from Studio Workspace because WORKSPACE_SLUG environment variable is empty
[error] Failed to fetch Firebase Project from Studio Workspace because WORKSPACE_SLUG environment variable is empty
[debug] [2026-01-25T14:33:30.354Z] > command requires scopes: ["email","openid","https://www.googleapis.com/auth/cloudplatformprojects.readonly","https://www.googleapis.com/auth/firebase","https://www.googleapis.com/auth/cloud-platform","https://www.googleapis.com/auth/userinfo.email"]
[debug] [2026-01-25T14:33:30.362Z] > command requires scopes: ["email","openid","https://www.googleapis.com/auth/cloudplatformprojects.readonly","https://www.googleapis.com/auth/firebase","https://www.googleapis.com/auth/cloud-platform","https://www.googleapis.com/auth/userinfo.email"]
[error] Failed to fetch Firebase Project from Studio Workspace because WORKSPACE_SLUG environment variable is empty
[error] Failed to fetch Firebase Project from Studio Workspace because WORKSPACE_SLUG environment variable is empty
[error] Failed to fetch Firebase Project from Studio Workspace because WORKSPACE_SLUG environment variable is empty
[debug] [2026-01-25T14:33:48.955Z] > command requires scopes: ["email","openid","https://www.googleapis.com/auth/cloudplatformprojects.readonly","https://www.googleapis.com/auth/firebase","https://www.googleapis.com/auth/cloud-platform","https://www.googleapis.com/auth/userinfo.email"]
[error] Failed to fetch Firebase Project from Studio Workspace because WORKSPACE_SLUG environment variable is empty
[debug] [2026-01-25T14:33:51.968Z] > command requires scopes: ["email","openid","https://www.googleapis.com/auth/cloudplatformprojects.readonly","https://www.googleapis.com/auth/firebase","https://www.googleapis.com/auth/cloud-platform","https://www.googleapis.com/auth/userinfo.email"]
[error] Failed to fetch Firebase Project from Studio Workspace because WORKSPACE_SLUG environment variable is empty
[error] Failed to fetch Firebase Project from Studio Workspace because WORKSPACE_SLUG environment variable is empty
[error] Failed to fetch Firebase Project from Studio Workspace because WORKSPACE_SLUG environment variable is empty
[debug] [2026-01-25T14:33:52.035Z] > command requires scopes: ["email","openid","https://www.googleapis.com/auth/cloudplatformprojects.readonly","https://www.googleapis.com/auth/firebase","https://www.googleapis.com/auth/cloud-platform","https://www.googleapis.com/auth/userinfo.email"]
[error] Failed to fetch Firebase Project from Studio Workspace because WORKSPACE_SLUG environment variable is empty
[error] Failed to fetch Firebase Project from Studio Workspace because WORKSPACE_SLUG environment variable is empty
[error] Failed to fetch Firebase Project from Studio Workspace because WORKSPACE_SLUG environment variable is empty
[debug] [2026-01-25T14:33:52.058Z] > command requires scopes: ["email","openid","https://www.googleapis.com/auth/cloudplatformprojects.readonly","https://www.googleapis.com/auth/firebase","https://www.googleapis.com/auth/cloud-platform","https://www.googleapis.com/auth/userinfo.email"]
[error] Failed to fetch Firebase Project from Studio Workspace because WORKSPACE_SLUG environment variable is empty
[error] Failed to fetch Firebase Project from Studio Workspace because WORKSPACE_SLUG environment variable is empty
[debug] [2026-01-25T14:33:54.797Z] > command requires scopes: ["email","openid","https://www.googleapis.com/auth/cloudplatformprojects.readonly","https://www.googleapis.com/auth/firebase","https://www.googleapis.com/auth/cloud-platform","https://www.googleapis.com/auth/userinfo.email"]
[debug] [2026-01-25T14:33:54.798Z] > command requires scopes: ["email","openid","https://www.googleapis.com/auth/cloudplatformprojects.readonly","https://www.googleapis.com/auth/firebase","https://www.googleapis.com/auth/cloud-platform","https://www.googleapis.com/auth/userinfo.email"]
[error] Failed to fetch Firebase Project from Studio Workspace because WORKSPACE_SLUG environment variable is empty
[error] Failed to fetch Firebase Project from Studio Workspace because WORKSPACE_SLUG environment variable is empty
[error] Failed to fetch Firebase Project from Studio Workspace because WORKSPACE_SLUG environment variable is empty
[error] Failed to fetch Firebase Project from Studio Workspace because WORKSPACE_SLUG environment variable is empty
[debug] [2026-01-25T14:39:39.632Z] > command requires scopes: ["email","openid","https://www.googleapis.com/auth/cloudplatformprojects.readonly","https://www.googleapis.com/auth/firebase","https://www.googleapis.com/auth/cloud-platform","https://www.googleapis.com/auth/userinfo.email"]
[debug] [2026-01-25T14:39:39.636Z] > command requires scopes: ["email","openid","https://www.googleapis.com/auth/cloudplatformprojects.readonly","https://www.googleapis.com/auth/firebase","https://www.googleapis.com/auth/cloud-platform","https://www.googleapis.com/auth/userinfo.email"]
[error] Failed to fetch Firebase Project from Studio Workspace because WORKSPACE_SLUG environment variable is empty
[error] Failed to fetch Firebase Project from Studio Workspace because WORKSPACE_SLUG environment variable is empty
[error] Failed to fetch Firebase Project from Studio Workspace because WORKSPACE_SLUG environment variable is empty
[debug] [2026-01-25T14:39:51.628Z] > command requires scopes: ["email","openid","https://www.googleapis.com/auth/cloudplatformprojects.readonly","https://www.googleapis.com/auth/firebase","https://www.googleapis.com/auth/cloud-platform","https://www.googleapis.com/auth/userinfo.email"]
[error] Failed to fetch Firebase Project from Studio Workspace because WORKSPACE_SLUG environment variable is empty
[debug] [2026-01-25T14:39:53.802Z] > command requires scopes: ["email","openid","https://www.googleapis.com/auth/cloudplatformprojects.readonly","https://www.googleapis.com/auth/firebase","https://www.googleapis.com/auth/cloud-platform","https://www.googleapis.com/auth/userinfo.email"]
[error] Failed to fetch Firebase Project from Studio Workspace because WORKSPACE_SLUG environment variable is empty
[error] Failed to fetch Firebase Project from Studio Workspace because WORKSPACE_SLUG environment variable is empty
[error] Failed to fetch Firebase Project from Studio Workspace because WORKSPACE_SLUG environment variable is empty
[debug] [2026-01-25T14:39:53.863Z] > command requires scopes: ["email","openid","https://www.googleapis.com/auth/cloudplatformprojects.readonly","https://www.googleapis.com/auth/firebase","https://www.googleapis.com/auth/cloud-platform","https://www.googleapis.com/auth/userinfo.email"]
[error] Failed to fetch Firebase Project from Studio Workspace because WORKSPACE_SLUG environment variable is empty
[error] Failed to fetch Firebase Project from Studio Workspace because WORKSPACE_SLUG environment variable is empty
[error] Failed to fetch Firebase Project from Studio Workspace because WORKSPACE_SLUG environment variable is empty
[debug] [2026-01-25T14:39:53.877Z] > command requires scopes: ["email","openid","https://www.googleapis.com/auth/cloudplatformprojects.readonly","https://www.googleapis.com/auth/firebase","https://www.googleapis.com/auth/cloud-platform","https://www.googleapis.com/auth/userinfo.email"]
[error] Failed to fetch Firebase Project from Studio Workspace because WORKSPACE_SLUG environment variable is empty
[error] Failed to fetch Firebase Project from Studio Workspace because WORKSPACE_SLUG environment variable is empty
[debug] [2026-01-25T14:39:56.013Z] > command requires scopes: ["email","openid","https://www.googleapis.com/auth/cloudplatformprojects.readonly","https://www.googleapis.com/auth/firebase","https://www.googleapis.com/auth/cloud-platform","https://www.googleapis.com/auth/userinfo.email"]
[debug] [2026-01-25T14:39:56.013Z] > command requires scopes: ["email","openid","https://www.googleapis.com/auth/cloudplatformprojects.readonly","https://www.googleapis.com/auth/firebase","https://www.googleapis.com/auth/cloud-platform","https://www.googleapis.com/auth/userinfo.email"]
[error] Failed to fetch Firebase Project from Studio Workspace because WORKSPACE_SLUG environment variable is empty
[error] Failed to fetch Firebase Project from Studio Workspace because WORKSPACE_SLUG environment variable is empty
[error] Failed to fetch Firebase Project from Studio Workspace because WORKSPACE_SLUG environment variable is empty
[error] Failed to fetch Firebase Project from Studio Workspace because WORKSPACE_SLUG environment variable is empty
[debug] [2026-01-25T14:40:58.478Z] > command requires scopes: ["email","openid","https://www.googleapis.com/auth/cloudplatformprojects.readonly","https://www.googleapis.com/auth/firebase","https://www.googleapis.com/auth/cloud-platform","https://www.googleapis.com/auth/userinfo.email"]
[debug] [2026-01-25T14:40:58.486Z] > command requires scopes: ["email","openid","https://www.googleapis.com/auth/cloudplatformprojects.readonly","https://www.googleapis.com/auth/firebase","https://www.googleapis.com/auth/cloud-platform","https://www.googleapis.com/auth/userinfo.email"]
[error] Failed to fetch Firebase Project from Studio Workspace because WORKSPACE_SLUG environment variable is empty
[error] Failed to fetch Firebase Project from Studio Workspace because WORKSPACE_SLUG environment variable is empty
[error] Failed to fetch Firebase Project from Studio Workspace because WORKSPACE_SLUG environment variable is empty
[debug] [2026-01-25T14:41:10.292Z] > command requires scopes: ["email","openid","https://www.googleapis.com/auth/cloudplatformprojects.readonly","https://www.googleapis.com/auth/firebase","https://www.googleapis.com/auth/cloud-platform","https://www.googleapis.com/auth/userinfo.email"]
[error] Failed to fetch Firebase Project from Studio Workspace because WORKSPACE_SLUG environment variable is empty
[debug] [2026-01-25T14:41:12.977Z] > command requires scopes: ["email","openid","https://www.googleapis.com/auth/cloudplatformprojects.readonly","https://www.googleapis.com/auth/firebase","https://www.googleapis.com/auth/cloud-platform","https://www.googleapis.com/auth/userinfo.email"]
[error] Failed to fetch Firebase Project from Studio Workspace because WORKSPACE_SLUG environment variable is empty
[error] Failed to fetch Firebase Project from Studio Workspace because WORKSPACE_SLUG environment variable is empty
[error] Failed to fetch Firebase Project from Studio Workspace because WORKSPACE_SLUG environment variable is empty
[debug] [2026-01-25T14:41:13.021Z] > command requires scopes: ["email","openid","https://www.googleapis.com/auth/cloudplatformprojects.readonly","https://www.googleapis.com/auth/firebase","https://www.googleapis.com/auth/cloud-platform","https://www.googleapis.com/auth/userinfo.email"]
[error] Failed to fetch Firebase Project from Studio Workspace because WORKSPACE_SLUG environment variable is empty
[error] Failed to fetch Firebase Project from Studio Workspace because WORKSPACE_SLUG environment variable is empty
[error] Failed to fetch Firebase Project from Studio Workspace because WORKSPACE_SLUG environment variable is empty
[debug] [2026-01-25T14:41:13.046Z] > command requires scopes: ["email","openid","https://www.googleapis.com/auth/cloudplatformprojects.readonly","https://www.googleapis.com/auth/firebase","https://www.googleapis.com/auth/cloud-platform","https://www.googleapis.com/auth/userinfo.email"]
[error] Failed to fetch Firebase Project from Studio Workspace because WORKSPACE_SLUG environment variable is empty
[error] Failed to fetch Firebase Project from Studio Workspace because WORKSPACE_SLUG environment variable is empty
[debug] [2026-01-25T14:41:15.691Z] > command requires scopes: ["email","openid","https://www.googleapis.com/auth/cloudplatformprojects.readonly","https://www.googleapis.com/auth/firebase","https://www.googleapis.com/auth/cloud-platform","https://www.googleapis.com/auth/userinfo.email"]
[debug] [2026-01-25T14:41:15.691Z] > command requires scopes: ["email","openid","https://www.googleapis.com/auth/cloudplatformprojects.readonly","https://www.googleapis.com/auth/firebase","https://www.googleapis.com/auth/cloud-platform","https://www.googleapis.com/auth/userinfo.email"]
